unit,cad_number,agency,call_type,origunit,unit_enroute_date,priority,disposition,primary_unit,beat,rep_dist,call_created_time,call_entry_date,call_entry_time,unit_dispatch_date,unit_dispatch_time,unit_enroute_time,unit_onscene_date,unit_onscene_time,turnout_seconds,call,call_no2,arrivalstatus,report_category,turnout_compliance,battalion,unit_type,unit_enroute_date_clean,unit_enroute_date_parsed,call_entry_date_clean,call_entry_date_parsed,unit_dispatch_date_clean,unit_dispatch_date_parsed,unit_onscene_date_clean,unit_onscene_date_parsed,call_created_time_time_string,call_created_time_numeric,call_entry_time_time_string,call_entry_time_numeric,unit_dispatch_time_time_string,unit_dispatch_time_numeric,unit_enroute_time_time_string,unit_enroute_time_numeric,unit_onscene_time_time_string,unit_onscene_time_numeric,turnout_seconds_numeric,turnout_minutes,turnout_compliance_clean,met_turnout,dispatch_date,dispatch_day,dispatch_month,dispatch_hour
BC002,S100000001,PCFR,29D02P,BC002,2/9/26 0:00,D1,COM,MR020,33N,F33A,93314,2/9/26 0:00,93412,2/9/26 0:00,93554,93642.0,2/9/26 0:00,94110.0,48.0,S100000001,S100000001,AOS,EMS,Met,Battalion 2,Battalion Chief,2/9/26,2026-02-09,2/9/26,2026-02-09,2/9/26,2026-02-09,2/9/26,2026-02-09,09:33:14,93314,09:34:12,93412,09:35:54,93554,09:36:42,93642.0,09:41:10,94110.0,48.0,0.8,Met,True,2026-02-09,Monday,February,9
BC006,S100000002,PCFR,71,BC006,2/9/26 0:00,PA,COM,EN004,4,F15G,91326,2/9/26 0:00,91410,2/9/26 0:00,91451,91509.0,2/9/26 0:00,93054.0,18.0,S100000002,S100000002,AOS,Fire,Met,Battalion 6,Battalion Chief,2/9/26,2026-02-09,2/9/26,2026-02-09,2/9/26,2026-02-09,2/9/26,2026-02-09,09:13:26,91326,09:14:10,91410,09:14:51,91451,09:15:09,91509.0,09:30:54,93054.0,18.0,0.3,Met,True,2026-02-09,Monday,February,9
BR004,S100000003,PCFR,OOS,BR004,2/9/26 0:00,OS,,BR004,,,102506,2/9/26 0:00,102506,2/9/26 0:00,102506,102506.0,2/9/26 0:00,102506.0,0.0,S100000003,S100000003,AOS,Omit,,Battalion 6,Brush Truck,2/9/26,2026-02-09,2/9/26,2026-02-09,2/9/26,2026-02-09,2/9/26,2026-02-09,10:25:06,102506,10:25:06,102506,10:25:06,102506,10:25:06,102506.0,10:25:06,102506.0,0.0,0.0,Nan,False,2026-02-09,Monday,February,10
BR004,S100000004,PCFR,71,BR004,2/9/26 0:00,PA,COM,EN004,4,F15G,91326,2/9/26 0:00,91410,2/9/26 0:00,91631,91855.0,2/9/26 0:00,93803.0,144.0,S100000004,S100000004,AOS,Fire,Missed,Battalion 6,Brush Truck,2/9/26,2026-02-09,2/9/26,2026-02-09,2/9/26,2026-02-09,2/9/26,2026-02-09,09:13:26,91326,09:14:10,91410,09:16:31,91631,09:18:55,91855.0,09:38:03,93803.0,144.0,2.4,Missed,False,2026-02-09,Monday,February,9
BR007,S100000005,PCFR,OOS,BR007,2/9/26 0:00,OS,,BR007,,,105742,2/9/26 0:00,105742,2/9/26 0:00,105742,105742.0,2/9/26 0:00,105742.0,0.0,S100000005,S100000005,AOS,Omit,,Battalion 2,Brush Truck,2/9/26,2026-02-09,2/9/26,2026-02-09,2/9/26,2026-02-09,2/9/26,2026-02-09,10:57:42,105742,10:57:42,105742,10:57:42,105742,10:57:42,105742.0,10:57:42,105742.0,0.0,0.0,Nan,False,2026-02-09,Monday,February,10
BR012,S100000006,PCFR,OOS,BR012,2/9/26 0:00,OS,,BR012,,,103916,2/9/26 0:00,103916,2/9/26 0:00,103916,103916.0,2/9/26 0:00,103916.0,0.0,S100000006,S100000006,AOS,Omit,,Battalion 7,Brush Truck,2/9/26,2026-02-09,2/9/26,2026-02-09,2/9/26,2026-02-09,2/9/26,2026-02-09,10:39:16,103916,10:39:16,103916,10:39:16,103916,10:39:16,103916.0,10:39:16,103916.0,0.0,0.0,Nan,False,2026-02-09,Monday,February,10
BR015,S100000007,PCFR,71,BR015,2/9/26 0:00,PA,COM,EN004,4,F15G,91326,2/9/26 0:00,91410,2/9/26 0:00,91902,91902.0,2/9/26 0:00,94855.0,0.0,S100000007,S100000007,AOS,Fire,Met,Battalion 6,Brush Truck,2/9/26,2026-02-09,2/9/26,2026-02-09,2/9/26,2026-02-09,2/9/26,2026-02-09,09:13:26,91326,09:14:10,91410,09:19:02,91902,09:19:02,91902.0,09:48:55,94855.0,0.0,0.0,Met,True,2026-02-09,Monday,February,9
BR021,S100000008,PCFR,82,BR021,2/9/26 0:00,PA,COM,SQ021,21,F930H,104949,2/9/26 0:00,105049,2/9/26 0:00,105130,105227.0,2/9/26 0:00,105550.0,57.0,S100000008,S100000008,AOS,Fire,Met,Battalion 7,Brush Truck,2/9/26,2026-02-09,2/9/26,2026-02-09,2/9/26,2026-02-09,2/9/26,2026-02-09,10:49:49,104949,10:50:49,105049,10:51:30,105130,10:52:27,105227.0,10:55:50,105550.0,57.0,0.95,Met,True,2026-02-09,Monday,February,10
EN002,S100000009,PCFR,60B03O,EN002,2/9/26 0:00,B1,COM,EN002,2,F02A,90007,2/9/26 0:00,90029,2/9/26 0:00,90100,90139.0,2/9/26 0:00,91211.0,39.0,S100000009,S100000009,AOS,Fire,Met,Battalion 6,Engine,2/9/26,2026-02-09,2/9/26,2026-02-09,2/9/26,2026-02-09,2/9/26,2026-02-09,09:00:07,90007,09:00:29,90029,09:01:00,90100,09:01:39,90139.0,09:12:11,91211.0,39.0,0.65,Met,True,2026-02-09,Monday,February,9
EN002,S100000010,PCFR,26A02,EN002,2/9/26 0:00,A1,,MR002,2,F02A,101236,2/9/26 0:00,101441,2/9/26 0:00,101513,101552.0,2/9/26 0:00,102815.0,39.0,S100000010,S100000010,AOS,EMS,Met,Battalion 6,Engine,2/9/26,2026-02-09,2/9/26,2026-02-09,2/9/26,2026-02-09,2/9/26,2026-02-09,10:12:36,101236,10:14:41,101441,10:15:13,101513,10:15:52,101552.0,10:28:15,102815.0,39.0,0.65,Met,True,2026-02-09,Monday,February,10
EN002,S100000011,PCFR,26A05,EN002,2/9/26 0:00,A1,,MD202,2,F02F,105906,2/9/26 0:00,105940,2/9/26 0:00,110205,110213.0,2/9/26 0:00,111427.0,8.0,S100000011,S100000011,AOS,EMS,Met,Battalion 6,Engine,2/9/26,2026-02-09,2/9/26,2026-02-09,2/9/26,2026-02-09,2/9/26,2026-02-09,10:59:06,105906,10:59:40,105940,11:02:05,110205,11:02:13,110213.0,11:14:27,111427.0,8.0,0.13333333333333333,Met,True,2026-02-09,Monday,February,11
EN004,S100000012,PCFR,71,EN004,2/9/26 0:00,PA,COM,EN004,4,F15G,91326,2/9/26 0:00,91410,2/9/26 0:00,91451,91546.0,2/9/26 0:00,92719.0,55.0,S100000012,S100000012,AOS,Fire,Met,Battalion 6,Engine,2/9/26,2026-02-09,2/9/26,2026-02-09,2/9/26,2026-02-09,2/9/26,2026-02-09,09:13:26,91326,09:14:10,91410,09:14:51,91451,09:15:46,91546.0,09:27:19,92719.0,55.0,0.9166666666666666,Met,True,2026-02-09,Monday,February,9
EN005,S100000013,PCFR,68C01,EN005,2/9/26 0:00,C1,UTL,EN005,16,F560G,105656,2/9/26 0:00,105722,2/9/26 0:00,105941,110000.0,2/9/26 0:00,111004.0,19.0,S100000013,S100000013,AOS,Fire,Met,Battalion 4,Engine,2/9/26,2026-02-09,2/9/26,2026-02-09,2/9/26,2026-02-09,2/9/26,2026-02-09,10:56:56,105656,10:57:22,105722,10:59:41,105941,11:00:00,110000.0,11:10:04,111004.0,19.0,0.31666666666666665,Met,True,2026-02-09,Monday,February,10
EN005,S100000014,PCFR,17A04G,EN005,2/9/26 0:00,A1,COM,MR005,5,F05C,100734,2/9/26 0:00,100749,2/9/26 0:00,100816,100820.0,2/9/26 0:00,101648.0,4.0,S100000014,S100000014,AOS,EMS,Met,Battalion 4,Engine,2/9/26,2026-02-09,2/9/26,2026-02-09,2/9/26,2026-02-09,2/9/26,2026-02-09,10:07:34,100734,10:07:49,100749,10:08:16,100816,10:08:20,100820.0,10:16:48,101648.0,4.0,0.06666666666666667,Met,True,2026-02-09,Monday,February,10
EN006,S100000015,PCFR,26A08,EN006,2/9/26 0:00,A1,COM,MR006,6,F06A,81111,2/9/26 0:00,81239,2/9/26 0:00,81309,81329.0,2/9/26 0:00,82959.0,20.0,S100000015,S100000015,AOS,EMS,Met,Battalion 1,Engine,2/9/26,2026-02-09,2/9/26,2026-02-09,2/9/26,2026-02-09,2/9/26,2026-02-09,08:11:11,81111,08:12:39,81239,08:13:09,81309,08:13:29,81329.0,08:29:59,82959.0,20.0,0.3333333333333333,Met,True,2026-02-09,Monday,February,8
EN006,S100000016,PCFR,01C05,EN006,2/9/26 0:00,C1,,MR006,6,F06A,103952,2/9/26 0:00,104027,2/9/26 0:00,104057,104110.0,2/9/26 0:00,105143.0,13.0,S100000016,S100000016,AOS,EMS,Met,Battalion 1,Engine,2/9/26,2026-02-09,2/9/26,2026-02-09,2/9/26,2026-02-09,2/9/26,2026-02-09,10:39:52,103952,10:40:27,104027,10:40:57,104057,10:41:10,104110.0,10:51:43,105143.0,13.0,0.21666666666666667,Met,True,2026-02-09,Monday,February,10
EN006,S100000017,PCFR,53A02,EN006,2/9/26 0:00,A1,COM,EN006,6,F06A,110225,2/9/26 0:00,110301,2/9/26 0:00,110334,110339.0,2/9/26 0:00,111148.0,5.0,S100000017,S100000017,AOS,Other,,Battalion 1,Engine,2/9/26,2026-02-09,2/9/26,2026-02-09,2/9/26,2026-02-09,2/9/26,2026-02-09,11:02:25,110225,11:03:01,110301,11:03:34,110334,11:03:39,110339.0,11:11:48,111148.0,5.0,0.08333333333333333,Nan,False,2026-02-09,Monday,February,11
EN006,S100000018,PCFR,53A02,EN006,2/9/26 0:00,A1,COM,EN006,6,F06A,110225,2/9/26 0:00,110301,2/9/26 0:00,110334,110339.0,2/9/26 0:00,111148.0,5.0,S100000018,S100000018,AOS,Other,,Battalion 1,Engine,2/9/26,2026-02-09,2/9/26,2026-02-09,2/9/26,2026-02-09,2/9/26,2026-02-09,11:02:25,110225,11:03:01,110301,11:03:34,110334,11:03:39,110339.0,11:11:48,111148.0,5.0,0.08333333333333333,Nan,False,2026-02-09,Monday,February,11
EN010,S100000019,PCFR,21A01T,EN010,2/9/26 0:00,A1,COM,MR010,10,F10B,91435,2/9/26 0:00,91457,2/9/26 0:00,91536,91539.0,2/9/26 0:00,93419.0,3.0,S100000019,S100000019,AOS,EMS,Met,Battalion 6,Engine,2/9/26,2026-02-09,2/9/26,2026-02-09,2/9/26,2026-02-09,2/9/26,2026-02-09,09:14:35,91435,09:14:57,91457,09:15:36,91536,09:15:39,91539.0,09:34:19,93419.0,3.0,0.05,Met,True,2026-02-09,Monday,February,9
EN012,S100000020,PCFR,26D01,EN012,2/9/26 0:00,D1,COM,MR012,12,F930E,90110,2/9/26 0:00,90149,2/9/26 0:00,90216,90351.0,2/9/26 0:00,90823.0,95.0,S100000020,S100000020,AOS,EMS,Missed,Battalion 7,Engine,2/9/26,2026-02-09,2/9/26,2026-02-09,2/9/26,2026-02-09,2/9/26,2026-02-09,09:01:10,90110,09:01:49,90149,09:02:16,90216,09:03:51,90351.0,09:08:23,90823.0,95.0,1.5833333333333333,Missed,False,2026-02-09,Monday,February,9
EN017,S100000021,PCFR,26A08,EN017,2/9/26 0:00,A1,COM,MR017,17,F17C,80332,2/9/26 0:00,80408,2/9/26 0:00,80458,80516.0,2/9/26 0:00,81300.0,18.0,S100000021,S100000021,AOS,EMS,Met,Battalion 4,Engine,2/9/26,2026-02-09,2/9/26,2026-02-09,2/9/26,2026-02-09,2/9/26,2026-02-09,08:03:32,80332,08:04:08,80408,08:04:58,80458,08:05:16,80516.0,08:13:00,81300.0,18.0,0.3,Met,True,2026-02-09,Monday,February,8
EN017,S100000022,PCFR,OOS,EN017,2/9/26 0:00,OS,,EN017,,,102047,2/9/26 0:00,102047,2/9/26 0:00,102047,102047.0,2/9/26 0:00,102047.0,0.0,S100000022,S100000022,AOS,Omit,,Battalion 4,Engine,2/9/26,2026-02-09,2/9/26,2026-02-09,2/9/26,2026-02-09,2/9/26,2026-02-09,10:20:47,102047,10:20:47,102047,10:20:47,102047,10:20:47,102047.0,10:20:47,102047.0,0.0,0.0,Nan,False,2026-02-09,Monday,February,10
EN028,S100000023,PCFR,17A04,EN028,2/9/26 0:00,A1,COM,MR028,28,F34G,90917,2/9/26 0:00,90942,2/9/26 0:00,91033,91108.0,2/9/26 0:00,91952.0,35.0,S100000023,S100000023,AOS,EMS,Met,Battalion 3,Engine,2/9/26,2026-02-09,2/9/26,2026-02-09,2/9/26,2026-02-09,2/9/26,2026-02-09,09:09:17,90917,09:09:42,90942,09:10:33,91033,09:11:08,91108.0,09:19:52,91952.0,35.0,0.5833333333333334,Met,True,2026-02-09,Monday,February,9
EN033,S100000024,PCFR,06D02O,EN033,2/9/26 0:00,D1,COM,MR033,33N,F33A,91727,2/9/26 0:00,91748,2/9/26 0:00,91823,91829.0,2/9/26 0:00,92634.0,6.0,S100000024,S100000024,AOS,EMS,Met,Battalion 2,Engine,2/9/26,2026-02-09,2/9/26,2026-02-09,2/9/26,2026-02-09,2/9/26,2026-02-09,09:17:27,91727,09:17:48,91748,09:18:23,91823,09:18:29,91829.0,09:26:34,92634.0,6.0,0.1,Met,True,2026-02-09,Monday,February,9
EN035,S100000025,PCFR,31A01,EN035,2/9/26 0:00,A1,COM,MR035,35N,F28E,94045,2/9/26 0:00,94111,2/9/26 0:00,94128,94216.0,2/9/26 0:00,95014.0,48.0,S100000025,S100000025,AOS,EMS,Met,Battalion 3,Engine,2/9/26,2026-02-09,2/9/26,2026-02-09,2/9/26,2026-02-09,2/9/26,2026-02-09,09:40:45,94045,09:41:11,94111,09:41:28,94128,09:42:16,94216.0,09:50:14,95014.0,48.0,0.8,Met,True,2026-02-09,Monday,February,9
EN036,S100000026,PCFR,26A08,EN036,2/9/26 0:00,A1,,MR036,36,F560F,103257,2/9/26 0:00,103410,2/9/26 0:00,103438,103449.0,2/9/26 0:00,104624.0,11.0,S100000026,S100000026,AOS,EMS,Met,Battalion 2,Engine,2/9/26,2026-02-09,2/9/26,2026-02-09,2/9/26,2026-02-09,2/9/26,2026-02-09,10:32:57,103257,10:34:10,103410,10:34:38,103438,10:34:49,103449.0,10:46:24,104624.0,11.0,0.18333333333333332,Met,True,2026-02-09,Monday,February,10
EN036,S100000027,PCFR,28C01J,EN036,2/9/26 0:00,C1,COM,MD216,16,F560G,83854,2/9/26 0:00,83930,2/9/26 0:00,83958,84058.0,2/9/26 0:00,85049.0,60.0,S100000027,S100000027,AOS,EMS,Met,Battalion 2,Engine,2/9/26,2026-02-09,2/9/26,2026-02-09,2/9/26,2026-02-09,2/9/26,2026-02-09,08:38:54,83854,08:39:30,83930,08:39:58,83958,08:40:58,84058.0,08:50:49,85049.0,60.0,1.0,Met,True,2026-02-09,Monday,February,8
EN037,S100000028,PCFR,26A08,EN037,2/9/26 0:00,A1,,MR046,37,F37A,105707,2/9/26 0:00,105736,2/9/26 0:00,105802,105822.0,2/9/26 0:00,110949.0,20.0,S100000028,S100000028,AOS,EMS,Met,Battalion 5,Engine,2/9/26,2026-02-09,2/9/26,2026-02-09,2/9/26,2026-02-09,2/9/26,2026-02-09,10:57:07,105707,10:57:36,105736,10:58:02,105802,10:58:22,105822.0,11:09:49,110949.0,20.0,0.3333333333333333,Met,True,2026-02-09,Monday,February,10
EN046,S100000029,PCFR,18C02,EN046,2/9/26 0:00,C1,COM,MR037,46,F40B,102009,2/9/26 0:00,102208,2/9/26 0:00,102249,102350.0,2/9/26 0:00,102927.0,61.0,S100000029,S100000029,AOS,EMS,Missed,Battalion 5,Engine,2/9/26,2026-02-09,2/9/26,2026-02-09,2/9/26,2026-02-09,2/9/26,2026-02-09,10:20:09,102009,10:22:08,102208,10:22:49,102249,10:23:50,102350.0,10:29:27,102927.0,61.0,1.0166666666666666,Missed,False,2026-02-09,Monday,February,10
EN046,S100000030,PCFR,17D04,EN046,2/9/26 0:00,D1,COM,MR046,46,F40B,92831,2/9/26 0:00,92910,2/9/26 0:00,92946,93039.0,2/9/26 0:00,93718.0,53.0,S100000030,S100000030,AOS,EMS,Met,Battalion 5,Engine,2/9/26,2026-02-09,2/9/26,2026-02-09,2/9/26,2026-02-09,2/9/26,2026-02-09,09:28:31,92831,09:29:10,92910,09:29:46,92946,09:30:39,93039.0,09:37:18,93718.0,53.0,0.8833333333333333,Met,True,2026-02-09,Monday,February,9
LD015,S100000031,PCFR,60B03O,LD015,2/9/26 0:00,B1,COM,EN002,2,F02A,90007,2/9/26 0:00,90029,2/9/26 0:00,90326,90326.0,2/9/26 0:00,91638.0,0.0,S100000031,S100000031,AOS,Fire,Met,Battalion 6,Special Operations,2/9/26,2026-02-09,2/9/26,2026-02-09,2/9/26,2026-02-09,2/9/26,2026-02-09,09:00:07,90007,09:00:29,90029,09:03:26,90326,09:03:26,90326.0,09:16:38,91638.0,0.0,0.0,Met,True,2026-02-09,Monday,February,9
LD015,S100000032,PCFR,OOS,LD015,2/9/26 0:00,OS,,LD015,,,85907,2/9/26 0:00,85907,2/9/26 0:00,85907,85907.0,2/9/26 0:00,85907.0,0.0,S100000032,S100000032,AOS,Omit,,Battalion 6,Special Operations,2/9/26,2026-02-09,2/9/26,2026-02-09,2/9/26,2026-02-09,2/9/26,2026-02-09,08:59:07,85907,08:59:07,85907,08:59:07,85907,08:59:07,85907.0,08:59:07,85907.0,0.0,0.0,Nan,False,2026-02-09,Monday,February,8
LD015,S100000033,PCFR,OOS,LD015,2/9/26 0:00,OS,,LD015,,,93143,2/9/26 0:00,93143,2/9/26 0:00,93143,93143.0,2/9/26 0:00,93143.0,0.0,S100000033,S100000033,AOS,Omit,,Battalion 6,Special Operations,2/9/26,2026-02-09,2/9/26,2026-02-09,2/9/26,2026-02-09,2/9/26,2026-02-09,09:31:43,93143,09:31:43,93143,09:31:43,93143,09:31:43,93143.0,09:31:43,93143.0,0.0,0.0,Nan,False,2026-02-09,Monday,February,9
LD042,S100000034,PCFR,12A03,LD042,2/9/26 0:00,A1,COM,MR042,42N,F33B,85607,2/9/26 0:00,85635,2/9/26 0:00,85654,85750.0,2/9/26 0:00,90324.0,56.0,S100000034,S100000034,AOS,EMS,Met,Battalion 2,Ladder,2/9/26,2026-02-09,2/9/26,2026-02-09,2/9/26,2026-02-09,2/9/26,2026-02-09,08:56:07,85607,08:56:35,85635,08:56:54,85654,08:57:50,85750.0,09:03:24,90324.0,56.0,0.9333333333333333,Met,True,2026-02-09,Monday,February,8
LD042,S100000035,PCFR,53A02,LD042,2/9/26 0:00,A1,COM,LD042,42N,F33B,101029,2/9/26 0:00,101105,2/9/26 0:00,101218,101230.0,2/9/26 0:00,102213.0,12.0,S100000035,S100000035,AOS,Other,,Battalion 2,Ladder,2/9/26,2026-02-09,2/9/26,2026-02-09,2/9/26,2026-02-09,2/9/26,2026-02-09,10:10:29,101029,10:11:05,101105,10:12:18,101218,10:12:30,101230.0,10:22:13,102213.0,12.0,0.2,Nan,False,2026-02-09,Monday,February,10
LD042,S100000036,PCFR,56A01,LD042,2/9/26 0:00,A1,COM,LD042,42N,F33B,81614,2/9/26 0:00,81635,2/9/26 0:00,81654,81729.0,2/9/26 0:00,82334.0,35.0,S100000036,S100000036,AOS,Fire,Met,Battalion 2,Ladder,2/9/26,2026-02-09,2/9/26,2026-02-09,2/9/26,2026-02-09,2/9/26,2026-02-09,08:16:14,81614,08:16:35,81635,08:16:54,81654,08:17:29,81729.0,08:23:34,82334.0,35.0,0.5833333333333334,Met,True,2026-02-09,Monday,February,8
LD042,S100000037,PCFR,53A02,LD042,2/9/26 0:00,A1,COM,LD042,42N,F33B,101029,2/9/26 0:00,101105,2/9/26 0:00,101218,101230.0,2/9/26 0:00,102213.0,12.0,S100000037,S100000037,AOS,Other,,Battalion 2,Ladder,2/9/26,2026-02-09,2/9/26,2026-02-09,2/9/26,2026-02-09,2/9/26,2026-02-09,10:10:29,101029,10:11:05,101105,10:12:18,101218,10:12:30,101230.0,10:22:13,102213.0,12.0,0.2,Nan,False,2026-02-09,Monday,February,10
MD009,S100000038,PCFR,OOS,MD009,2/9/26 0:00,OS,,MD009,,,83056,2/9/26 0:00,83056,2/9/26 0:00,83056,83056.0,2/9/26 0:00,83056.0,0.0,S100000038,S100000038,AOS,Omit,,Battalion 6,Rescue,2/9/26,2026-02-09,2/9/26,2026-02-09,2/9/26,2026-02-09,2/9/26,2026-02-09,08:30:56,83056,08:30:56,83056,08:30:56,83056,08:30:56,83056.0,08:30:56,83056.0,0.0,0.0,Nan,False,2026-02-09,Monday,February,8
MD022,S100000039,PCFR,10C03,MD022,2/9/26 0:00,C1,COM,MD022,23,F23D,84446,2/9/26 0:00,84508,2/9/26 0:00,84543,84619.0,2/9/26 0:00,85252.0,36.0,S100000039,S100000039,AOS,EMS,Met,Battalion 1,Rescue,2/9/26,2026-02-09,2/9/26,2026-02-09,2/9/26,2026-02-09,2/9/26,2026-02-09,08:44:46,84446,08:45:08,84508,08:45:43,84543,08:46:19,84619.0,08:52:52,85252.0,36.0,0.6,Met,True,2026-02-09,Monday,February,8
MD034,S100000040,PCFR,OOS,MD034,2/9/26 0:00,OS,,MD034,,,111108,2/9/26 0:00,111108,2/9/26 0:00,111108,111108.0,2/9/26 0:00,111108.0,0.0,S100000040,S100000040,AOS,Omit,,Battalion 3,Rescue,2/9/26,2026-02-09,2/9/26,2026-02-09,2/9/26,2026-02-09,2/9/26,2026-02-09,11:11:08,111108,11:11:08,111108,11:11:08,111108,11:11:08,111108.0,11:11:08,111108.0,0.0,0.0,Nan,False,2026-02-09,Monday,February,11
MD216,S100000041,PCFR,28C01J,MD216,2/9/26 0:00,C1,COM,MD216,16,F560G,83854,2/9/26 0:00,83930,2/9/26 0:00,83958,84043.0,2/9/26 0:00,85033.0,45.0,S100000041,S100000041,AOS,EMS,Met,Battalion 4,Rescue,2/9/26,2026-02-09,2/9/26,2026-02-09,2/9/26,2026-02-09,2/9/26,2026-02-09,08:38:54,83854,08:39:30,83930,08:39:58,83958,08:40:43,84043.0,08:50:33,85033.0,45.0,0.75,Met,True,2026-02-09,Monday,February,8
MR002,S100000042,PCFR,26A08,MR002,2/9/26 0:00,A1,COM,MR002,2,F02D,91447,2/9/26 0:00,91514,2/9/26 0:00,91556,91602.0,2/9/26 0:00,91848.0,6.0,S100000042,S100000042,AOS,EMS,Met,Battalion 6,Rescue,2/9/26,2026-02-09,2/9/26,2026-02-09,2/9/26,2026-02-09,2/9/26,2026-02-09,09:14:47,91447,09:15:14,91514,09:15:56,91556,09:16:02,91602.0,09:18:48,91848.0,6.0,0.1,Met,True,2026-02-09,Monday,February,9
MR002,S100000043,PCFR,26A02,MR002,2/9/26 0:00,A1,,MR002,2,F02A,101236,2/9/26 0:00,101441,2/9/26 0:00,101513,101527.0,2/9/26 0:00,103248.0,14.0,S100000043,S100000043,AOS,EMS,Met,Battalion 6,Rescue,2/9/26,2026-02-09,2/9/26,2026-02-09,2/9/26,2026-02-09,2/9/26,2026-02-09,10:12:36,101236,10:14:41,101441,10:15:13,101513,10:15:27,101527.0,10:32:48,103248.0,14.0,0.23333333333333334,Met,True,2026-02-09,Monday,February,10
MR006,S100000044,PCFR,26A08,MR006,2/9/26 0:00,A1,COM,MR006,6,F06A,81111,2/9/26 0:00,81239,2/9/26 0:00,81309,81332.0,2/9/26 0:00,82728.0,23.0,S100000044,S100000044,AOS,EMS,Met,Battalion 1,Rescue,2/9/26,2026-02-09,2/9/26,2026-02-09,2/9/26,2026-02-09,2/9/26,2026-02-09,08:11:11,81111,08:12:39,81239,08:13:09,81309,08:13:32,81332.0,08:27:28,82728.0,23.0,0.38333333333333336,Met,True,2026-02-09,Monday,February,8
MR006,S100000045,PCFR,01C05,MR006,2/9/26 0:00,C1,,MR006,6,F06A,103952,2/9/26 0:00,104027,2/9/26 0:00,104057,104110.0,2/9/26 0:00,104922.0,13.0,S100000045,S100000045,AOS,EMS,Met,Battalion 1,Rescue,2/9/26,2026-02-09,2/9/26,2026-02-09,2/9/26,2026-02-09,2/9/26,2026-02-09,10:39:52,103952,10:40:27,104027,10:40:57,104057,10:41:10,104110.0,10:49:22,104922.0,13.0,0.21666666666666667,Met,True,2026-02-09,Monday,February,10
MR007,S100000046,PCFR,OOS,MR007,2/9/26 0:00,OS,,MR007,,,95914,2/9/26 0:00,95914,2/9/26 0:00,95914,95914.0,2/9/26 0:00,95914.0,0.0,S100000046,S100000046,AOS,Omit,,Battalion 2,Rescue,2/9/26,2026-02-09,2/9/26,2026-02-09,2/9/26,2026-02-09,2/9/26,2026-02-09,09:59:14,95914,09:59:14,95914,09:59:14,95914,09:59:14,95914.0,09:59:14,95914.0,0.0,0.0,Nan,False,2026-02-09,Monday,February,9
MR011,S100000047,PCFR,OOS,MR011,2/9/26 0:00,OS,,MR011,,,85326,2/9/26 0:00,85326,2/9/26 0:00,85326,85326.0,2/9/26 0:00,85326.0,0.0,S100000047,S100000047,AOS,Omit,,Battalion 7,Rescue,2/9/26,2026-02-09,2/9/26,2026-02-09,2/9/26,2026-02-09,2/9/26,2026-02-09,08:53:26,85326,08:53:26,85326,08:53:26,85326,08:53:26,85326.0,08:53:26,85326.0,0.0,0.0,Nan,False,2026-02-09,Monday,February,8
MR012,S100000048,PCFR,26D01,MR012,2/9/26 0:00,D1,COM,MR012,12,F930E,90110,2/9/26 0:00,90149,2/9/26 0:00,90216,90219.0,2/9/26 0:00,91539.0,3.0,S100000048,S100000048,AOS,EMS,Met,Battalion 7,Rescue,2/9/26,2026-02-09,2/9/26,2026-02-09,2/9/26,2026-02-09,2/9/26,2026-02-09,09:01:10,90110,09:01:49,90149,09:02:16,90216,09:02:19,90219.0,09:15:39,91539.0,3.0,0.05,Met,True,2026-02-09,Monday,February,9
MR014,S100000049,PCFR,OOS,MR014,2/9/26 0:00,OS,,MR014,,,82429,2/9/26 0:00,82429,2/9/26 0:00,82429,82429.0,2/9/26 0:00,82429.0,0.0,S100000049,S100000049,AOS,Omit,,Battalion 7,Rescue,2/9/26,2026-02-09,2/9/26,2026-02-09,2/9/26,2026-02-09,2/9/26,2026-02-09,08:24:29,82429,08:24:29,82429,08:24:29,82429,08:24:29,82429.0,08:24:29,82429.0,0.0,0.0,Nan,False,2026-02-09,Monday,February,8
MR015,S100000050,PCFR,29,MR015,2/9/26 0:00,PA,COM,MR015,15,F15B,92923,2/9/26 0:00,93035,2/9/26 0:00,93105,93127.0,2/9/26 0:00,93608.0,22.0,S100000050,S100000050,AOS,EMS,Met,Battalion 6,Rescue,2/9/26,2026-02-09,2/9/26,2026-02-09,2/9/26,2026-02-09,2/9/26,2026-02-09,09:29:23,92923,09:30:35,93035,09:31:05,93105,09:31:27,93127.0,09:36:08,93608.0,22.0,0.36666666666666664,Met,True,2026-02-09,Monday,February,9
MR017,S100000051,PCFR,26C02,MR017,2/9/26 0:00,C1,,MR017,17,F17A,101623,2/9/26 0:00,101715,2/9/26 0:00,101746,101750.0,2/9/26 0:00,102456.0,4.0,S100000051,S100000051,AOS,EMS,Met,Battalion 4,Rescue,2/9/26,2026-02-09,2/9/26,2026-02-09,2/9/26,2026-02-09,2/9/26,2026-02-09,10:16:23,101623,10:17:15,101715,10:17:46,101746,10:17:50,101750.0,10:24:56,102456.0,4.0,0.06666666666666667,Met,True,2026-02-09,Monday,February,10
MR017,S100000052,PCFR,26A08,MR017,2/9/26 0:00,A1,COM,MR017,17,F17C,80332,2/9/26 0:00,80408,2/9/26 0:00,80458,80501.0,2/9/26 0:00,81520.0,3.0,S100000052,S100000052,AOS,EMS,Met,Battalion 4,Rescue,2/9/26,2026-02-09,2/9/26,2026-02-09,2/9/26,2026-02-09,2/9/26,2026-02-09,08:03:32,80332,08:04:08,80408,08:04:58,80458,08:05:01,80501.0,08:15:20,81520.0,3.0,0.05,Met,True,2026-02-09,Monday,February,8
MR018,S100000053,PCFR,31C01,MR018,2/9/26 0:00,C1,,MR018,18,F18C,105608,2/9/26 0:00,105705,2/9/26 0:00,105730,105752.0,2/9/26 0:00,110304.0,22.0,S100000053,S100000053,AOS,EMS,Met,Battalion 4,Rescue,2/9/26,2026-02-09,2/9/26,2026-02-09,2/9/26,2026-02-09,2/9/26,2026-02-09,10:56:08,105608,10:57:05,105705,10:57:30,105730,10:57:52,105752.0,11:03:04,110304.0,22.0,0.36666666666666664,Met,True,2026-02-09,Monday,February,10
MR025,S100000054,PCFR,OOS,MR025,2/9/26 0:00,OS,,MR025,,,84928,2/9/26 0:00,84928,2/9/26 0:00,84928,84928.0,2/9/26 0:00,84928.0,0.0,S100000054,S100000054,AOS,Omit,,Battalion 1,Rescue,2/9/26,2026-02-09,2/9/26,2026-02-09,2/9/26,2026-02-09,2/9/26,2026-02-09,08:49:28,84928,08:49:28,84928,08:49:28,84928,08:49:28,84928.0,08:49:28,84928.0,0.0,0.0,Nan,False,2026-02-09,Monday,February,8
MR028,S100000055,PCFR,26D01,MR028,2/9/26 0:00,D1,,MR028,28,F28F,100425,2/9/26 0:00,100444,2/9/26 0:00,100525,100531.0,2/9/26 0:00,101001.0,6.0,S100000055,S100000055,AOS,EMS,Met,Battalion 3,Rescue,2/9/26,2026-02-09,2/9/26,2026-02-09,2/9/26,2026-02-09,2/9/26,2026-02-09,10:04:25,100425,10:04:44,100444,10:05:25,100525,10:05:31,100531.0,10:10:01,101001.0,6.0,0.1,Met,True,2026-02-09,Monday,February,10
MR033,S100000056,PCFR,06D02O,MR033,2/9/26 0:00,D1,COM,MR033,33N,F33A,91727,2/9/26 0:00,91748,2/9/26 0:00,91823,92016.0,2/9/26 0:00,92543.0,113.0,S100000056,S100000056,AOS,EMS,Missed,Battalion 2,Rescue,2/9/26,2026-02-09,2/9/26,2026-02-09,2/9/26,2026-02-09,2/9/26,2026-02-09,09:17:27,91727,09:17:48,91748,09:18:23,91823,09:20:16,92016.0,09:25:43,92543.0,113.0,1.8833333333333333,Missed,False,2026-02-09,Monday,February,9
MR035,S100000057,PCFR,31A01,MR035,2/9/26 0:00,A1,COM,MR035,35N,F28E,94045,2/9/26 0:00,94111,2/9/26 0:00,94128,94140.0,2/9/26 0:00,94739.0,12.0,S100000057,S100000057,AOS,EMS,Met,Battalion 3,Rescue,2/9/26,2026-02-09,2/9/26,2026-02-09,2/9/26,2026-02-09,2/9/26,2026-02-09,09:40:45,94045,09:41:11,94111,09:41:28,94128,09:41:40,94140.0,09:47:39,94739.0,12.0,0.2,Met,True,2026-02-09,Monday,February,9
MR036,S100000058,PCFR,26A08,MR036,2/9/26 0:00,A1,,MR036,36,F560F,103257,2/9/26 0:00,103410,2/9/26 0:00,103438,103455.0,2/9/26 0:00,104631.0,17.0,S100000058,S100000058,AOS,EMS,Met,Battalion 2,Rescue,2/9/26,2026-02-09,2/9/26,2026-02-09,2/9/26,2026-02-09,2/9/26,2026-02-09,10:32:57,103257,10:34:10,103410,10:34:38,103438,10:34:55,103455.0,10:46:31,104631.0,17.0,0.2833333333333333,Met,True,2026-02-09,Monday,February,10
MR036,S100000059,PCFR,OOS,MR036,2/9/26 0:00,OS,,MR036,,,84313,2/9/26 0:00,84313,2/9/26 0:00,84313,84313.0,2/9/26 0:00,84313.0,0.0,S100000059,S100000059,AOS,Omit,,Battalion 2,Rescue,2/9/26,2026-02-09,2/9/26,2026-02-09,2/9/26,2026-02-09,2/9/26,2026-02-09,08:43:13,84313,08:43:13,84313,08:43:13,84313,08:43:13,84313.0,08:43:13,84313.0,0.0,0.0,Nan,False,2026-02-09,Monday,February,8
MR037,S100000060,PCFR,18C02,MR037,2/9/26 0:00,C1,COM,MR037,46,F40B,102009,2/9/26 0:00,102208,2/9/26 0:00,102249,102256.0,2/9/26 0:00,103556.0,7.0,S100000060,S100000060,AOS,EMS,Met,Battalion 5,Rescue,2/9/26,2026-02-09,2/9/26,2026-02-09,2/9/26,2026-02-09,2/9/26,2026-02-09,10:20:09,102009,10:22:08,102208,10:22:49,102249,10:22:56,102256.0,10:35:56,103556.0,7.0,0.11666666666666667,Met,True,2026-02-09,Monday,February,10
MR042,S100000061,PCFR,12A03,MR042,2/9/26 0:00,A1,COM,MR042,42N,F33B,85607,2/9/26 0:00,85635,2/9/26 0:00,85654,85717.0,2/9/26 0:00,90344.0,23.0,S100000061,S100000061,AOS,EMS,Met,Battalion 2,Rescue,2/9/26,2026-02-09,2/9/26,2026-02-09,2/9/26,2026-02-09,2/9/26,2026-02-09,08:56:07,85607,08:56:35,85635,08:56:54,85654,08:57:17,85717.0,09:03:44,90344.0,23.0,0.38333333333333336,Met,True,2026-02-09,Monday,February,8
MR046,S100000062,PCFR,17D04,MR046,2/9/26 0:00,D1,COM,MR046,46,F40B,92831,2/9/26 0:00,92910,2/9/26 0:00,92946,93024.0,2/9/26 0:00,93713.0,38.0,S100000062,S100000062,AOS,EMS,Met,Battalion 5,Rescue,2/9/26,2026-02-09,2/9/26,2026-02-09,2/9/26,2026-02-09,2/9/26,2026-02-09,09:28:31,92831,09:29:10,92910,09:29:46,92946,09:30:24,93024.0,09:37:13,93713.0,38.0,0.6333333333333333,Met,True,2026-02-09,Monday,February,9
MR046,S100000063,PCFR,26A08,MR046,2/9/26 0:00,A1,,MR046,37,F37A,105707,2/9/26 0:00,105736,2/9/26 0:00,105802,105806.0,2/9/26 0:00,110904.0,4.0,S100000063,S100000063,AOS,EMS,Met,Battalion 5,Rescue,2/9/26,2026-02-09,2/9/26,2026-02-09,2/9/26,2026-02-09,2/9/26,2026-02-09,10:57:07,105707,10:57:36,105736,10:58:02,105802,10:58:06,105806.0,11:09:04,110904.0,4.0,0.06666666666666667,Met,True,2026-02-09,Monday,February,10
MR218,S100000064,PCFR,OOS,MR218,2/9/26 0:00,OS,,MR218,,,102113,2/9/26 0:00,102113,2/9/26 0:00,102113,102113.0,2/9/26 0:00,102113.0,0.0,S100000064,S100000064,AOS,Omit,,Battalion 4,Rescue,2/9/26,2026-02-09,2/9/26,2026-02-09,2/9/26,2026-02-09,2/9/26,2026-02-09,10:21:13,102113,10:21:13,102113,10:21:13,102113,10:21:13,102113.0,10:21:13,102113.0,0.0,0.0,Nan,False,2026-02-09,Monday,February,10
SQ007,S100000065,PCFR,OOS,SQ007,2/9/26 0:00,OS,,BR007,,,105742,2/9/26 0:00,105742,2/9/26 0:00,105742,105742.0,2/9/26 0:00,105742.0,0.0,S100000065,S100000065,AOS,Omit,,Battalion 2,Special Operations,2/9/26,2026-02-09,2/9/26,2026-02-09,2/9/26,2026-02-09,2/9/26,2026-02-09,10:57:42,105742,10:57:42,105742,10:57:42,105742,10:57:42,105742.0,10:57:42,105742.0,0.0,0.0,Nan,False,2026-02-09,Monday,February,10
SQ021,S100000066,PCFR,82,SQ021,2/9/26 0:00,PA,COM,SQ021,21,F930H,104949,2/9/26 0:00,105049,2/9/26 0:00,105130,105144.0,2/9/26 0:00,105144.0,14.0,S100000066,S100000066,AOS,Fire,Met,Battalion 7,Special Operations,2/9/26,2026-02-09,2/9/26,2026-02-09,2/9/26,2026-02-09,2/9/26,2026-02-09,10:49:49,104949,10:50:49,105049,10:51:30,105130,10:51:44,105144.0,10:51:44,105144.0,14.0,0.23333333333333334,Met,True,2026-02-09,Monday,February,10
TE007,S100000067,PCFR,OOS,TE007,2/9/26 0:00,OS,,TE007,,,102845,2/9/26 0:00,102845,2/9/26 0:00,102845,102845.0,2/9/26 0:00,102845.0,0.0,S100000067,S100000067,AOS,Omit,,Battalion 2,Tender,2/9/26,2026-02-09,2/9/26,2026-02-09,2/9/26,2026-02-09,2/9/26,2026-02-09,10:28:45,102845,10:28:45,102845,10:28:45,102845,10:28:45,102845.0,10:28:45,102845.0,0.0,0.0,Nan,False,2026-02-09,Monday,February,10
TE015,S100000068,PCFR,71,TE015,2/9/26 0:00,PA,COM,EN004,4,F15G,91326,2/9/26 0:00,91410,2/9/26 0:00,91639,91642.0,2/9/26 0:00,93528.0,3.0,S100000068,S100000068,AOS,Fire,Met,Battalion 6,Tender,2/9/26,2026-02-09,2/9/26,2026-02-09,2/9/26,2026-02-09,2/9/26,2026-02-09,09:13:26,91326,09:14:10,91410,09:16:39,91639,09:16:42,91642.0,09:35:28,93528.0,3.0,0.05,Met,True,2026-02-09,Monday,February,9
TW033,S100000069,PCFR,OOS,TW033,2/9/26 0:00,OS,,TW033,,,102020,2/9/26 0:00,102020,2/9/26 0:00,102020,102020.0,2/9/26 0:00,102020.0,0.0,S100000069,S100000069,AOS,Omit,,Battalion 2,Special Operations,2/9/26,2026-02-09,2/9/26,2026-02-09,2/9/26,2026-02-09,2/9/26,2026-02-09,10:20:20,102020,10:20:20,102020,10:20:20,102020,10:20:20,102020.0,10:20:20,102020.0,0.0,0.0,Nan,False,2026-02-09,Monday,February,10
TW033,S100000070,PCFR,29D02P,TW033,2/9/26 0:00,D1,COM,MR020,33N,F33A,93314,2/9/26 0:00,93412,2/9/26 0:00,93554,93610.0,2/9/26 0:00,94110.0,16.0,S100000070,S100000070,AOS,EMS,Met,Battalion 2,Special Operations,2/9/26,2026-02-09,2/9/26,2026-02-09,2/9/26,2026-02-09,2/9/26,2026-02-09,09:33:14,93314,09:34:12,93412,09:35:54,93554,09:36:10,93610.0,09:41:10,94110.0,16.0,0.26666666666666666,Met,True,2026-02-09,Monday,February,9
BC003,S100000071,PCFR,29,BC003,2/9/26 0:00,PA,COM,MR015,15,F15B,92923,2/9/26 0:00,93035,2/9/26 0:00,93105,93139.0,,,34.0,S100000071,S100000071,DNA,EMS,Met,Battalion 3,Battalion Chief,2/9/26,2026-02-09,2/9/26,2026-02-09,2/9/26,2026-02-09,nan,,09:29:23,92923,09:30:35,93035,09:31:05,93105,09:31:39,93139.0,,,34.0,0.5666666666666667,Met,True,2026-02-09,Monday,February,9
BC004,S100000072,PCFR,68C01,BC004,2/9/26 0:00,C1,UTL,EN005,16,F560G,105656,2/9/26 0:00,105722,2/9/26 0:00,105941,110001.0,,,20.0,S100000072,S100000072,DNA,Fire,Met,Battalion 4,Battalion Chief,2/9/26,2026-02-09,2/9/26,2026-02-09,2/9/26,2026-02-09,nan,,10:56:56,105656,10:57:22,105722,10:59:41,105941,11:00:01,110001.0,,,20.0,0.3333333333333333,Met,True,2026-02-09,Monday,February,10
BC005,S100000073,PCFR,52,BC005,2/9/26 0:00,PA,COM,HCEN2,38,F38A,80254,2/9/26 0:00,80316,2/9/26 0:00,80416,80431.0,,,15.0,S100000073,S100000073,DNA,Fire,Met,Battalion 5,Battalion Chief,2/9/26,2026-02-09,2/9/26,2026-02-09,2/9/26,2026-02-09,nan,,08:02:54,80254,08:03:16,80316,08:04:16,80416,08:04:31,80431.0,,,15.0,0.25,Met,True,2026-02-09,Monday,February,8
BC005,S100000074,PCFR,18C02,BC005,,C1,COM,MR037,46,F40B,102009,2/9/26 0:00,102208,2/9/26 0:00,102249,,,,,S100000074,S100000074,,EMS,Met,Battalion 5,Battalion Chief,nan,,2/9/26,2026-02-09,2/9/26,2026-02-09,nan,,10:20:09,102009,10:22:08,102208,10:22:49,102249,,,,,,,Met,True,2026-02-09,Monday,February,10
BC006,S100000075,PCFR,60B03O,BC006,2/9/26 0:00,B1,COM,EN002,2,F02A,90007,2/9/26 0:00,90029,2/9/26 0:00,90100,90405.0,,,185.0,S100000075,S100000075,DNA,Fire,Missed,Battalion 6,Battalion Chief,2/9/26,2026-02-09,2/9/26,2026-02-09,2/9/26,2026-02-09,nan,,09:00:07,90007,09:00:29,90029,09:01:00,90100,09:04:05,90405.0,,,185.0,3.0833333333333335,Missed,False,2026-02-09,Monday,February,9
BC007,S100000076,PCFR,82,BC007,2/9/26 0:00,PA,COM,SQ021,21,F930H,104949,2/9/26 0:00,105049,2/9/26 0:00,105130,105143.0,,,13.0,S100000076,S100000076,DNA,Fire,Met,Battalion 7,Battalion Chief,2/9/26,2026-02-09,2/9/26,2026-02-09,2/9/26,2026-02-09,nan,,10:49:49,104949,10:50:49,105049,10:51:30,105130,10:51:43,105143.0,,,13.0,0.21666666666666667,Met,True,2026-02-09,Monday,February,10
EN002,S100000077,PCFR,26A08,EN002,2/9/26 0:00,A1,COM,MR002,2,F02D,91447,2/9/26 0:00,91514,2/9/26 0:00,92055,92057.0,,,2.0,S100000077,S100000077,DNA,EMS,Met,Battalion 6,Engine,2/9/26,2026-02-09,2/9/26,2026-02-09,2/9/26,2026-02-09,nan,,09:14:47,91447,09:15:14,91514,09:20:55,92055,09:20:57,92057.0,,,2.0,0.03333333333333333,Met,True,2026-02-09,Monday,February,9
EN005,S100000078,PCFR,26C02,EN005,2/9/26 0:00,C1,,MR017,17,F17A,101623,2/9/26 0:00,101715,2/9/26 0:00,102126,102136.0,,,10.0,S100000078,S100000078,DNA,EMS,Met,Battalion 4,Engine,2/9/26,2026-02-09,2/9/26,2026-02-09,2/9/26,2026-02-09,nan,,10:16:23,101623,10:17:15,101715,10:21:26,102126,10:21:36,102136.0,,,10.0,0.16666666666666666,Met,True,2026-02-09,Monday,February,10
EN008,S100000079,PCFR,26A08,EN008,2/9/26 0:00,A1,COM,MR002,2,F02D,91447,2/9/26 0:00,91514,2/9/26 0:00,91556,91638.0,,,42.0,S100000079,S100000079,DNA,EMS,Met,Battalion 6,Engine,2/9/26,2026-02-09,2/9/26,2026-02-09,2/9/26,2026-02-09,nan,,09:14:47,91447,09:15:14,91514,09:15:56,91556,09:16:38,91638.0,,,42.0,0.7,Met,True,2026-02-09,Monday,February,9
EN008,S100000080,PCFR,26A05,EN008,2/9/26 0:00,A1,,MD202,2,F02F,105906,2/9/26 0:00,105940,2/9/26 0:00,110013,110101.0,,,48.0,S100000080,S100000080,DNA,EMS,Met,Battalion 6,Engine,2/9/26,2026-02-09,2/9/26,2026-02-09,2/9/26,2026-02-09,nan,,10:59:06,105906,10:59:40,105940,11:00:13,110013,11:01:01,110101.0,,,48.0,0.8,Met,True,2026-02-09,Monday,February,11
EN008,S100000081,PCFR,26O07,EN008,2/9/26 0:00,O1,,MR015,8,F02E,111221,2/9/26 0:00,111244,2/9/26 0:00,111306,111321.0,,,15.0,S100000081,S100000081,DNA,EMS,Met,Battalion 6,Engine,2/9/26,2026-02-09,2/9/26,2026-02-09,2/9/26,2026-02-09,nan,,11:12:21,111221,11:12:44,111244,11:13:06,111306,11:13:21,111321.0,,,15.0,0.25,Met,True,2026-02-09,Monday,February,11
EN008,S100000082,PCFR,29,EN008,2/9/26 0:00,PA,COM,MR015,15,F15B,92923,2/9/26 0:00,93035,2/9/26 0:00,93156,93236.0,,,40.0,S100000082,S100000082,DNA,EMS,Met,Battalion 6,Engine,2/9/26,2026-02-09,2/9/26,2026-02-09,2/9/26,2026-02-09,nan,,09:29:23,92923,09:30:35,93035,09:31:56,93156,09:32:36,93236.0,,,40.0,0.6666666666666666,Met,True,2026-02-09,Monday,February,9
EN017,S100000083,PCFR,26C02,EN017,2/9/26 0:00,C1,,MR017,17,F17A,101623,2/9/26 0:00,101715,2/9/26 0:00,101746,101835.0,,,49.0,S100000083,S100000083,DNA,EMS,Met,Battalion 4,Engine,2/9/26,2026-02-09,2/9/26,2026-02-09,2/9/26,2026-02-09,nan,,10:16:23,101623,10:17:15,101715,10:17:46,101746,10:18:35,101835.0,,,49.0,0.8166666666666667,Met,True,2026-02-09,Monday,February,10
EN020,S100000084,PCFR,52,EN020,2/9/26 0:00,PA,COM,HCEN2,38,F38A,80254,2/9/26 0:00,80316,2/9/26 0:00,80416,80445.0,,,29.0,S100000084,S100000084,DNA,Fire,Met,Battalion 2,Engine,2/9/26,2026-02-09,2/9/26,2026-02-09,2/9/26,2026-02-09,nan,,08:02:54,80254,08:03:16,80316,08:04:16,80416,08:04:45,80445.0,,,29.0,0.48333333333333334,Met,True,2026-02-09,Monday,February,8
EN028,S100000085,PCFR,26D01,EN028,2/9/26 0:00,D1,,MR028,28,F28F,100425,2/9/26 0:00,100444,2/9/26 0:00,100525,100538.0,,,13.0,S100000085,S100000085,DNA,EMS,Met,Battalion 3,Engine,2/9/26,2026-02-09,2/9/26,2026-02-09,2/9/26,2026-02-09,nan,,10:04:25,100425,10:04:44,100444,10:05:25,100525,10:05:38,100538.0,,,13.0,0.21666666666666667,Met,True,2026-02-09,Monday,February,10
EN033,S100000086,PCFR,25,EN033,2/9/26 0:00,PA,COM,MR020,33N,F33C,95206,2/9/26 0:00,95254,2/9/26 0:00,95335,95354.0,,,19.0,S100000086,S100000086,DNA,EMS,Met,Battalion 2,Engine,2/9/26,2026-02-09,2/9/26,2026-02-09,2/9/26,2026-02-09,nan,,09:52:06,95206,09:52:54,95254,09:53:35,95335,09:53:54,95354.0,,,19.0,0.31666666666666665,Met,True,2026-02-09,Monday,February,9
EN033,S100000087,PCFR,29D02P,EN033,2/9/26 0:00,D1,COM,MR020,33N,F33A,93314,2/9/26 0:00,93412,2/9/26 0:00,93757,93807.0,,,10.0,S100000087,S100000087,DNA,EMS,Met,Battalion 2,Engine,2/9/26,2026-02-09,2/9/26,2026-02-09,2/9/26,2026-02-09,nan,,09:33:14,93314,09:34:12,93412,09:37:57,93757,09:38:07,93807.0,,,10.0,0.16666666666666666,Met,True,2026-02-09,Monday,February,9
EN036,S100000088,PCFR,68C01,EN036,2/9/26 0:00,C1,UTL,EN005,16,F560G,105656,2/9/26 0:00,105722,2/9/26 0:00,110243,110246.0,,,3.0,S100000088,S100000088,DNA,Fire,Met,Battalion 2,Engine,2/9/26,2026-02-09,2/9/26,2026-02-09,2/9/26,2026-02-09,nan,,10:56:56,105656,10:57:22,105722,11:02:43,110243,11:02:46,110246.0,,,3.0,0.05,Met,True,2026-02-09,Monday,February,11
EN038,S100000089,PCFR,29D02P,EN038,2/9/26 0:00,D1,COM,MR020,33N,F33A,93314,2/9/26 0:00,93412,2/9/26 0:00,93554,93643.0,,,49.0,S100000089,S100000089,DNA,EMS,Met,Battalion 2,Engine,2/9/26,2026-02-09,2/9/26,2026-02-09,2/9/26,2026-02-09,nan,,09:33:14,93314,09:34:12,93412,09:35:54,93554,09:36:43,93643.0,,,49.0,0.8166666666666667,Met,True,2026-02-09,Monday,February,9
HV009,S100000090,PCFR,60B03O,HV009,2/9/26 0:00,B1,COM,EN002,2,F02A,90007,2/9/26 0:00,90029,2/9/26 0:00,90100,90116.0,,,16.0,S100000090,S100000090,DNA,Fire,Met,Battalion 3,Special Operations,2/9/26,2026-02-09,2/9/26,2026-02-09,2/9/26,2026-02-09,nan,,09:00:07,90007,09:00:29,90029,09:01:00,90100,09:01:16,90116.0,,,16.0,0.26666666666666666,Met,True,2026-02-09,Monday,February,9
LD015,S100000091,PCFR,29,LD015,,PA,COM,MR015,15,F15B,92923,2/9/26 0:00,93035,2/9/26 0:00,93105,,,,,S100000091,S100000091,,EMS,Met,Battalion 6,Special Operations,nan,,2/9/26,2026-02-09,2/9/26,2026-02-09,nan,,09:29:23,92923,09:30:35,93035,09:31:05,93105,,,,,,,Met,True,2026-02-09,Monday,February,9
LD023,S100000092,PCFR,25,LD023,2/9/26 0:00,PA,COM,MR006,23,F23D,91409,2/9/26 0:00,91409,2/9/26 0:00,91517,91541.0,,,24.0,S100000092,S100000092,DNA,EMS,Met,Battalion 1,Ladder,2/9/26,2026-02-09,2/9/26,2026-02-09,2/9/26,2026-02-09,nan,,09:14:09,91409,09:14:09,91409,09:15:17,91517,09:15:41,91541.0,,,24.0,0.4,Met,True,2026-02-09,Monday,February,9
LD023,S100000093,PCFR,10C03,LD023,2/9/26 0:00,C1,COM,MD022,23,F23D,84446,2/9/26 0:00,84508,2/9/26 0:00,84543,84650.0,,,67.0,S100000093,S100000093,DNA,EMS,Missed,Battalion 1,Ladder,2/9/26,2026-02-09,2/9/26,2026-02-09,2/9/26,2026-02-09,nan,,08:44:46,84446,08:45:08,84508,08:45:43,84543,08:46:50,84650.0,,,67.0,1.1166666666666667,Missed,False,2026-02-09,Monday,February,8
MD222,S100000094,PCFR,25,MD222,2/9/26 0:00,PA,COM,MD222,7,F07D,101204,2/9/26 0:00,101204,2/9/26 0:00,101241,101246.0,,,5.0,S100000094,S100000094,DNA,EMS,Met,Battalion 1,Rescue,2/9/26,2026-02-09,2/9/26,2026-02-09,2/9/26,2026-02-09,nan,,10:12:04,101204,10:12:04,101204,10:12:41,101241,10:12:46,101246.0,,,5.0,0.08333333333333333,Met,True,2026-02-09,Monday,February,10
MR005,S100000095,PCFR,17A04G,MR005,2/9/26 0:00,A1,COM,MR005,5,F05C,100734,2/9/26 0:00,100749,2/9/26 0:00,100816,100855.0,,,39.0,S100000095,S100000095,DNA,EMS,Met,Battalion 4,Rescue,2/9/26,2026-02-09,2/9/26,2026-02-09,2/9/26,2026-02-09,nan,,10:07:34,100734,10:07:49,100749,10:08:16,100816,10:08:55,100855.0,,,39.0,0.65,Met,True,2026-02-09,Monday,February,10
MR006,S100000096,PCFR,25,MR006,2/9/26 0:00,PA,COM,MR006,23,F23D,91409,2/9/26 0:00,91409,2/9/26 0:00,91517,91556.0,,,39.0,S100000096,S100000096,DNA,EMS,Met,Battalion 1,Rescue,2/9/26,2026-02-09,2/9/26,2026-02-09,2/9/26,2026-02-09,nan,,09:14:09,91409,09:14:09,91409,09:15:17,91517,09:15:56,91556.0,,,39.0,0.65,Met,True,2026-02-09,Monday,February,9
MR010,S100000097,PCFR,21A01T,MR010,2/9/26 0:00,A1,COM,MR010,10,F10B,91435,2/9/26 0:00,91457,2/9/26 0:00,91536,91607.0,,,31.0,S100000097,S100000097,DNA,EMS,Met,Battalion 6,Rescue,2/9/26,2026-02-09,2/9/26,2026-02-09,2/9/26,2026-02-09,nan,,09:14:35,91435,09:14:57,91457,09:15:36,91536,09:16:07,91607.0,,,31.0,0.5166666666666667,Met,True,2026-02-09,Monday,February,9
MR015,S100000098,PCFR,26O07,MR015,2/9/26 0:00,O1,,MR015,8,F02E,111221,2/9/26 0:00,111244,2/9/26 0:00,111306,111357.0,,,51.0,S100000098,S100000098,DNA,EMS,Met,Battalion 6,Rescue,2/9/26,2026-02-09,2/9/26,2026-02-09,2/9/26,2026-02-09,nan,,11:12:21,111221,11:12:44,111244,11:13:06,111306,11:13:57,111357.0,,,51.0,0.85,Met,True,2026-02-09,Monday,February,11
MR020,S100000099,PCFR,25,MR020,2/9/26 0:00,PA,COM,MR020,33N,F33C,95206,2/9/26 0:00,95254,2/9/26 0:00,95335,95337.0,,,2.0,S100000099,S100000099,DNA,EMS,Met,Battalion 2,Rescue,2/9/26,2026-02-09,2/9/26,2026-02-09,2/9/26,2026-02-09,nan,,09:52:06,95206,09:52:54,95254,09:53:35,95335,09:53:37,95337.0,,,2.0,0.03333333333333333,Met,True,2026-02-09,Monday,February,9
MR020,S100000100,PCFR,29D02P,MR020,2/9/26 0:00,D1,COM,MR020,33N,F33A,93314,2/9/26 0:00,93412,2/9/26 0:00,93554,93557.0,,,3.0,S100000100,S100000100,DNA,EMS,Met,Battalion 2,Rescue,2/9/26,2026-02-09,2/9/26,2026-02-09,2/9/26,2026-02-09,nan,,09:33:14,93314,09:34:12,93412,09:35:54,93554,09:35:57,93557.0,,,3.0,0.05,Met,True,2026-02-09,Monday,February,9
MR028,S100000101,PCFR,17A04,MR028,2/9/26 0:00,A1,COM,MR028,28,F34G,90917,2/9/26 0:00,90942,2/9/26 0:00,91033,91038.0,,,5.0,S100000101,S100000101,DNA,EMS,Met,Battalion 3,Rescue,2/9/26,2026-02-09,2/9/26,2026-02-09,2/9/26,2026-02-09,nan,,09:09:17,90917,09:09:42,90942,09:10:33,91033,09:10:38,91038.0,,,5.0,0.08333333333333333,Met,True,2026-02-09,Monday,February,9
SQ007,S100000102,PCFR,25,SQ007,2/9/26 0:00,PA,COM,MD222,7,F07D,101204,2/9/26 0:00,101204,2/9/26 0:00,101241,101320.0,,,39.0,S100000102,S100000102,DNA,EMS,Met,Battalion 2,Special Operations,2/9/26,2026-02-09,2/9/26,2026-02-09,2/9/26,2026-02-09,nan,,10:12:04,101204,10:12:04,101204,10:12:41,101241,10:13:20,101320.0,,,39.0,0.65,Met,True,2026-02-09,Monday,February,10
TW033,S100000103,PCFR,56A01,TW033,2/9/26 0:00,A1,COM,LD042,42N,F33B,81614,2/9/26 0:00,81635,2/9/26 0:00,81853,81859.0,,,6.0,S100000103,S100000103,DNA,Fire,Met,Battalion 2,Special Operations,2/9/26,2026-02-09,2/9/26,2026-02-09,2/9/26,2026-02-09,nan,,08:16:14,81614,08:16:35,81635,08:18:53,81853,08:18:59,81859.0,,,6.0,0.1,Met,True,2026-02-09,Monday,February,8
BC003,S100000104,LKFD,9.00E+01,BC003,2/9/26 0:00,E1,,MD234,34,F34C,110439,2/9/26 0:00,110514,2/9/26 0:00,110550,110634.0,,,44.0,S100000104,S100000104,DNA,EMS,Met,Battalion 3,Battalion Chief,2/9/26,2026-02-09,2/9/26,2026-02-09,2/9/26,2026-02-09,nan,,11:04:39,110439,11:05:14,110514,11:05:50,110550,11:06:34,110634.0,,,44.0,0.7333333333333333,Met,True,2026-02-09,Monday,February,11
BR005,S100000105,WHFD,82D08,BR005,2/9/26 0:00,D1,,WHPV1,WH1,F510I,103308,2/9/26 0:00,103308,2/9/26 0:00,103410,103510.0,,,60.0,S100000105,S100000105,DNA,Fire,Met,Battalion 4,Brush Truck,2/9/26,2026-02-09,2/9/26,2026-02-09,2/9/26,2026-02-09,nan,,10:33:08,103308,10:33:08,103308,10:34:10,103410,10:35:10,103510.0,,,60.0,1.0,Met,True,2026-02-09,Monday,February,10
EN005,S100000106,WHFD,82D08,EN005,2/9/26 0:00,D1,,WHPV1,WH1,F510I,103308,2/9/26 0:00,103308,2/9/26 0:00,103658,103719.0,,,21.0,S100000106,S100000106,DNA,Fire,Met,Battalion 4,Engine,2/9/26,2026-02-09,2/9/26,2026-02-09,2/9/26,2026-02-09,nan,,10:33:08,103308,10:33:08,103308,10:36:58,103658,10:37:19,103719.0,,,21.0,0.35,Met,True,2026-02-09,Monday,February,10
EN017,S100000107,WHFD,26C02,EN017,,C1,COM,MD029,WH5,F510A,100755,2/9/26 0:00,100821,2/9/26 0:00,101143,,,,,S100000107,S100000107,,EMS,Met,Battalion 4,Engine,nan,,2/9/26,2026-02-09,2/9/26,2026-02-09,nan,,10:07:55,100755,10:08:21,100821,10:11:43,101143,,,,,,,Met,True,2026-02-09,Monday,February,10
EN018,S100000108,WHFD,82D08,EN018,2/9/26 0:00,D1,,WHPV1,WH1,F510I,103308,2/9/26 0:00,103308,2/9/26 0:00,103410,103424.0,2/9/26 0:00,104224.0,14.0,S100000108,S100000108,AOS,Fire,Met,Battalion 4,Engine,2/9/26,2026-02-09,2/9/26,2026-02-09,2/9/26,2026-02-09,2/9/26,2026-02-09,10:33:08,103308,10:33:08,103308,10:34:10,103410,10:34:24,103424.0,10:42:24,104224.0,14.0,0.23333333333333334,Met,True,2026-02-09,Monday,February,10
EN019,S100000109,WHFD,82D08,EN019,2/9/26 0:00,D1,,WHPV1,WH1,F510I,103308,2/9/26 0:00,103308,2/9/26 0:00,103658,103830.0,,,92.0,S100000109,S100000109,DNA,Fire,Missed,Battalion 4,Engine,2/9/26,2026-02-09,2/9/26,2026-02-09,2/9/26,2026-02-09,nan,,10:33:08,103308,10:33:08,103308,10:36:58,103658,10:38:30,103830.0,,,92.0,1.5333333333333334,Missed,False,2026-02-09,Monday,February,10
MD009,S100000110,BAFD,10D02,MD009,2/9/26 0:00,D1,COM,MD009,9,F730I,102903,2/9/26 0:00,102926,2/9/26 0:00,103005,103137.0,2/9/26 0:00,103811.0,92.0,S100000110,S100000110,AOS,EMS,Missed,Battalion 6,Rescue,2/9/26,2026-02-09,2/9/26,2026-02-09,2/9/26,2026-02-09,2/9/26,2026-02-09,10:29:03,102903,10:29:26,102926,10:30:05,103005,10:31:37,103137.0,10:38:11,103811.0,92.0,1.5333333333333334,Missed,False,2026-02-09,Monday,February,10
MD016,S100000111,ABFD,29B01,MD016,2/9/26 0:00,B1,COM,BC420,420,F420A,80110,2/9/26 0:00,80110,2/9/26 0:00,80140,80216.0,2/9/26 0:00,81213.0,36.0,S100000111,S100000111,AOS,EMS,Met,Battalion 4,Rescue,2/9/26,2026-02-09,2/9/26,2026-02-09,2/9/26,2026-02-09,2/9/26,2026-02-09,08:01:10,80110,08:01:10,80110,08:01:40,80140,08:02:16,80216.0,08:12:13,81213.0,36.0,0.6,Met,True,2026-02-09,Monday,February,8
MD022,S100000112,LKFD,48,MD022,2/9/26 0:00,D1,COM,MD022,22,F23E,95542,2/9/26 0:00,95718,2/9/26 0:00,95745,95748.0,2/9/26 0:00,100848.0,3.0,S100000112,S100000112,AOS,Fire,Met,Battalion 1,Rescue,2/9/26,2026-02-09,2/9/26,2026-02-09,2/9/26,2026-02-09,2/9/26,2026-02-09,09:55:42,95542,09:57:18,95718,09:57:45,95745,09:57:48,95748.0,10:08:48,100848.0,3.0,0.05,Met,True,2026-02-09,Monday,February,9
MD029,S100000113,LKFD,12D04,MD029,2/9/26 0:00,D1,COM,MD034,35N,F28D,94929,2/9/26 0:00,94959,2/9/26 0:00,101008,101011.0,,,3.0,S100000113,S100000113,DNA,EMS,Met,Battalion 4,Rescue,2/9/26,2026-02-09,2/9/26,2026-02-09,2/9/26,2026-02-09,nan,,09:49:29,94929,09:49:59,94959,10:10:08,101008,10:10:11,101011.0,,,3.0,0.05,Met,True,2026-02-09,Monday,February,10
MD029,S100000114,WHFD,26C02,MD029,2/9/26 0:00,C1,COM,MD029,WH5,F510A,100755,2/9/26 0:00,100821,2/9/26 0:00,101225,101230.0,2/9/26 0:00,101631.0,5.0,S100000114,S100000114,AOS,EMS,Met,Battalion 4,Rescue,2/9/26,2026-02-09,2/9/26,2026-02-09,2/9/26,2026-02-09,2/9/26,2026-02-09,10:07:55,100755,10:08:21,100821,10:12:25,101225,10:12:30,101230.0,10:16:31,101631.0,5.0,0.08333333333333333,Met,True,2026-02-09,Monday,February,10
MD029,S100000115,WHFD,12D02E,MD029,2/9/26 0:00,D1,COM,MD029,WH4,F510F,81156,2/9/26 0:00,81225,2/9/26 0:00,81352,81423.0,2/9/26 0:00,81914.0,31.0,S100000115,S100000115,AOS,EMS,Met,Battalion 4,Rescue,2/9/26,2026-02-09,2/9/26,2026-02-09,2/9/26,2026-02-09,2/9/26,2026-02-09,08:11:56,81156,08:12:25,81225,08:13:52,81352,08:14:23,81423.0,08:19:14,81914.0,31.0,0.5166666666666667,Met,True,2026-02-09,Monday,February,8
MD031,S100000116,LKFD,31C01,MD031,2/9/26 0:00,C1,COM,MD231,31N,F31D,101918,2/9/26 0:00,101934,2/9/26 0:00,102327,102452.0,2/9/26 0:00,102931.0,85.0,S100000116,S100000116,AOS,EMS,Missed,Battalion 1,Rescue,2/9/26,2026-02-09,2/9/26,2026-02-09,2/9/26,2026-02-09,2/9/26,2026-02-09,10:19:18,101918,10:19:34,101934,10:23:27,102327,10:24:52,102452.0,10:29:31,102931.0,85.0,1.4166666666666667,Missed,False,2026-02-09,Monday,February,10
MD031,S100000117,LKFD,17A04,MD031,2/9/26 0:00,A1,COM,MD031,31N,F31D,101011,2/9/26 0:00,101026,2/9/26 0:00,101202,101205.0,2/9/26 0:00,101636.0,3.0,S100000117,S100000117,AOS,EMS,Met,Battalion 1,Rescue,2/9/26,2026-02-09,2/9/26,2026-02-09,2/9/26,2026-02-09,2/9/26,2026-02-09,10:10:11,101011,10:10:26,101026,10:12:02,101202,10:12:05,101205.0,10:16:36,101636.0,3.0,0.05,Met,True,2026-02-09,Monday,February,10
MD031,S100000118,LKFD,06D02,MD031,2/9/26 0:00,D1,COM,MR024,31N,F31D,105904,2/9/26 0:00,105924,2/9/26 0:00,110406,110408.0,2/9/26 0:00,110756.0,2.0,S100000118,S100000118,AOS,EMS,Met,Battalion 1,Rescue,2/9/26,2026-02-09,2/9/26,2026-02-09,2/9/26,2026-02-09,2/9/26,2026-02-09,10:59:04,105904,10:59:24,105924,11:04:06,110406,11:04:08,110408.0,11:07:56,110756.0,2.0,0.03333333333333333,Met,True,2026-02-09,Monday,February,11
MD032,S100000119,LKFD,10D02,MD032,2/9/26 0:00,D1,COM,MD032,35N,F28A,82221,2/9/26 0:00,82248,2/9/26 0:00,82323,82332.0,2/9/26 0:00,83313.0,9.0,S100000119,S100000119,AOS,EMS,Met,Battalion 3,Rescue,2/9/26,2026-02-09,2/9/26,2026-02-09,2/9/26,2026-02-09,2/9/26,2026-02-09,08:22:21,82221,08:22:48,82248,08:23:23,82323,08:23:32,82332.0,08:33:13,83313.0,9.0,0.15,Met,True,2026-02-09,Monday,February,8
MD032,S100000120,LKFD,26A10,MD032,2/9/26 0:00,A1,COM,MD032,32,F32B,93802,2/9/26 0:00,93834,2/9/26 0:00,93856,93918.0,2/9/26 0:00,95240.0,22.0,S100000120,S100000120,AOS,EMS,Met,Battalion 3,Rescue,2/9/26,2026-02-09,2/9/26,2026-02-09,2/9/26,2026-02-09,2/9/26,2026-02-09,09:38:02,93802,09:38:34,93834,09:38:56,93856,09:39:18,93918.0,09:52:40,95240.0,22.0,0.36666666666666664,Met,True,2026-02-09,Monday,February,9
MD032,S100000121,LKFD,23C02M,MD032,2/9/26 0:00,C1,,MD032,22,F23F,104808,2/9/26 0:00,104907,2/9/26 0:00,104939,105013.0,2/9/26 0:00,110512.0,34.0,S100000121,S100000121,AOS,EMS,Met,Battalion 3,Rescue,2/9/26,2026-02-09,2/9/26,2026-02-09,2/9/26,2026-02-09,2/9/26,2026-02-09,10:48:08,104808,10:49:07,104907,10:49:39,104939,10:50:13,105013.0,11:05:12,110512.0,34.0,0.5666666666666667,Met,True,2026-02-09,Monday,February,10
MD034,S100000122,LKFD,12D04,MD034,2/9/26 0:00,D1,COM,MD034,35N,F28D,94929,2/9/26 0:00,94959,2/9/26 0:00,95020,95129.0,2/9/26 0:00,95843.0,69.0,S100000122,S100000122,AOS,EMS,Missed,Battalion 3,Rescue,2/9/26,2026-02-09,2/9/26,2026-02-09,2/9/26,2026-02-09,2/9/26,2026-02-09,09:49:29,94929,09:49:59,94959,09:50:20,95020,09:51:29,95129.0,09:58:43,95843.0,69.0,1.15,Missed,False,2026-02-09,Monday,February,9
MD209,S100000123,BAFD,32,MD209,2/9/26 0:00,PA,COM,MD209,9,F730I,105953,2/9/26 0:00,110120,2/9/26 0:00,110145,110234.0,,,49.0,S100000123,S100000123,DNA,EMS,Met,Battalion 6,Rescue,2/9/26,2026-02-09,2/9/26,2026-02-09,2/9/26,2026-02-09,nan,,10:59:53,105953,11:01:20,110120,11:01:45,110145,11:02:34,110234.0,,,49.0,0.8166666666666667,Met,True,2026-02-09,Monday,February,11
MD209,S100000124,BAFD,17A03,MD209,2/9/26 0:00,A1,COM,MD209,9,F730I,93136,2/9/26 0:00,93236,2/9/26 0:00,93325,93402.0,2/9/26 0:00,94454.0,37.0,S100000124,S100000124,AOS,EMS,Met,Battalion 6,Rescue,2/9/26,2026-02-09,2/9/26,2026-02-09,2/9/26,2026-02-09,2/9/26,2026-02-09,09:31:36,93136,09:32:36,93236,09:33:25,93325,09:34:02,93402.0,09:44:54,94454.0,37.0,0.6166666666666667,Met,True,2026-02-09,Monday,February,9
MD216,S100000125,ABFD,29B01,MD216,2/9/26 0:00,B1,COM,BC420,420,F420A,80110,2/9/26 0:00,80110,2/9/26 0:00,80551,80910.0,,,199.0,S100000125,S100000125,DNA,EMS,Missed,Battalion 4,Rescue,2/9/26,2026-02-09,2/9/26,2026-02-09,2/9/26,2026-02-09,nan,,08:01:10,80110,08:01:10,80110,08:05:51,80551,08:09:10,80910.0,,,199.0,3.316666666666667,Missed,False,2026-02-09,Monday,February,8
MD222,S100000126,LKFD,32,MD222,2/9/26 0:00,PA,COM,MD222,22,F23F,95818,2/9/26 0:00,95829,2/9/26 0:00,95850,95855.0,,,5.0,S100000126,S100000126,DNA,EMS,Met,Battalion 1,Rescue,2/9/26,2026-02-09,2/9/26,2026-02-09,2/9/26,2026-02-09,nan,,09:58:18,95818,09:58:29,95829,09:58:50,95850,09:58:55,95855.0,,,5.0,0.08333333333333333,Met,True,2026-02-09,Monday,February,9
MD222,S100000127,LKFD,26D01,MD222,2/9/26 0:00,D1,COM,MD222,22,F23F,85012,2/9/26 0:00,85120,2/9/26 0:00,85145,85217.0,2/9/26 0:00,85722.0,32.0,S100000127,S100000127,AOS,EMS,Met,Battalion 1,Rescue,2/9/26,2026-02-09,2/9/26,2026-02-09,2/9/26,2026-02-09,2/9/26,2026-02-09,08:50:12,85012,08:51:20,85120,08:51:45,85145,08:52:17,85217.0,08:57:22,85722.0,32.0,0.5333333333333333,Met,True,2026-02-09,Monday,February,8
MD229,S100000128,WHFD,26C02,MD229,2/9/26 0:00,C1,COM,MD029,WH5,F510A,100755,2/9/26 0:00,100821,2/9/26 0:00,101143,101147.0,,,4.0,S100000128,S100000128,DNA,EMS,Met,Battalion 4,Rescue,2/9/26,2026-02-09,2/9/26,2026-02-09,2/9/26,2026-02-09,nan,,10:07:55,100755,10:08:21,100821,10:11:43,101143,10:11:47,101147.0,,,4.0,0.06666666666666667,Met,True,2026-02-09,Monday,February,10
MD229,S100000129,WHFD,10C03,MD229,2/9/26 0:00,C1,COM,WHEN2,WH2,F510B,82149,2/9/26 0:00,82201,2/9/26 0:00,82222,82242.0,2/9/26 0:00,83242.0,20.0,S100000129,S100000129,AOS,EMS,Met,Battalion 4,Rescue,2/9/26,2026-02-09,2/9/26,2026-02-09,2/9/26,2026-02-09,2/9/26,2026-02-09,08:21:49,82149,08:22:01,82201,08:22:22,82222,08:22:42,82242.0,08:32:42,83242.0,20.0,0.3333333333333333,Met,True,2026-02-09,Monday,February,8
MD229,S100000130,WHFD,12D02E,MD229,2/9/26 0:00,D1,COM,MD029,WH4,F510F,81156,2/9/26 0:00,81225,2/9/26 0:00,81254,81313.0,,,19.0,S100000130,S100000130,DNA,EMS,Met,Battalion 4,Rescue,2/9/26,2026-02-09,2/9/26,2026-02-09,2/9/26,2026-02-09,nan,,08:11:56,81156,08:12:25,81225,08:12:54,81254,08:13:13,81313.0,,,19.0,0.31666666666666665,Met,True,2026-02-09,Monday,February,8
MD231,S100000131,LKFD,06C01A,MD231,2/9/26 0:00,C1,,MD231,31N,F31B,110919,2/9/26 0:00,110941,2/9/26 0:00,111004,111006.0,2/9/26 0:00,111543.0,2.0,S100000131,S100000131,AOS,EMS,Met,Battalion 1,Rescue,2/9/26,2026-02-09,2/9/26,2026-02-09,2/9/26,2026-02-09,2/9/26,2026-02-09,11:09:19,110919,11:09:41,110941,11:10:04,111004,11:10:06,111006.0,11:15:43,111543.0,2.0,0.03333333333333333,Met,True,2026-02-09,Monday,February,11
MD231,S100000132,LKFD,31C01,MD231,2/9/26 0:00,C1,COM,MD231,31N,F31D,101918,2/9/26 0:00,101934,2/9/26 0:00,102002,102016.0,,,14.0,S100000132,S100000132,DNA,EMS,Met,Battalion 1,Rescue,2/9/26,2026-02-09,2/9/26,2026-02-09,2/9/26,2026-02-09,nan,,10:19:18,101918,10:19:34,101934,10:20:02,102002,10:20:16,102016.0,,,14.0,0.23333333333333334,Met,True,2026-02-09,Monday,February,10
MD232,S100000133,LKFD,01A01,MD232,2/9/26 0:00,A1,COM,MD232,22,F23F,90850,2/9/26 0:00,90922,2/9/26 0:00,91020,91044.0,2/9/26 0:00,92625.0,24.0,S100000133,S100000133,AOS,EMS,Met,Battalion 3,Rescue,2/9/26,2026-02-09,2/9/26,2026-02-09,2/9/26,2026-02-09,2/9/26,2026-02-09,09:08:50,90850,09:09:22,90922,09:10:20,91020,09:10:44,91044.0,09:26:25,92625.0,24.0,0.4,Met,True,2026-02-09,Monday,February,9
MD232,S100000134,LKFD,26A10,MD232,2/9/26 0:00,A1,COM,MD232,32,F32A,100356,2/9/26 0:00,100433,2/9/26 0:00,100503,101356.0,2/9/26 0:00,101718.0,533.0,S100000134,S100000134,AOS,EMS,Missed,Battalion 3,Rescue,2/9/26,2026-02-09,2/9/26,2026-02-09,2/9/26,2026-02-09,2/9/26,2026-02-09,10:03:56,100356,10:04:33,100433,10:05:03,100503,10:13:56,101356.0,10:17:18,101718.0,533.0,8.883333333333333,Missed,False,2026-02-09,Monday,February,10
MD234,S100000135,LKFD,9.00E+01,MD234,2/9/26 0:00,E1,,MD234,34,F34C,110439,2/9/26 0:00,110514,2/9/26 0:00,110550,110612.0,2/9/26 0:00,111215.0,22.0,S100000135,S100000135,AOS,EMS,Met,Battalion 3,Rescue,2/9/26,2026-02-09,2/9/26,2026-02-09,2/9/26,2026-02-09,2/9/26,2026-02-09,11:04:39,110439,11:05:14,110514,11:05:50,110550,11:06:12,110612.0,11:12:15,111215.0,22.0,0.36666666666666664,Met,True,2026-02-09,Monday,February,11
MR006,S100000136,LKFD,17B04G,MR006,2/9/26 0:00,B1,COM,MR006,22,F23F,101056,2/9/26 0:00,101247,2/9/26 0:00,101302,101329.0,2/9/26 0:00,102405.0,27.0,S100000136,S100000136,AOS,EMS,Met,Battalion 1,Rescue,2/9/26,2026-02-09,2/9/26,2026-02-09,2/9/26,2026-02-09,2/9/26,2026-02-09,10:10:56,101056,10:12:47,101247,10:13:02,101302,10:13:29,101329.0,10:24:05,102405.0,27.0,0.45,Met,True,2026-02-09,Monday,February,10
MR011,S100000137,FRFD,17A02G,MR011,2/9/26 0:00,A1,COM,FRRQ1,930,F930F,92824,2/9/26 0:00,92845,2/9/26 0:00,92919,92933.0,2/9/26 0:00,95110.0,14.0,S100000137,S100000137,AOS,EMS,Met,Battalion 7,Rescue,2/9/26,2026-02-09,2/9/26,2026-02-09,2/9/26,2026-02-09,2/9/26,2026-02-09,09:28:24,92824,09:28:45,92845,09:29:19,92919,09:29:33,92933.0,09:51:10,95110.0,14.0,0.23333333333333334,Met,True,2026-02-09,Monday,February,9
MR012,S100000138,LWFD,06C01,MR012,2/9/26 0:00,C1,COM,LWRQ1,810,F11G,83712,2/9/26 0:00,83756,2/9/26 0:00,83840,83851.0,,,11.0,S100000138,S100000138,DNA,EMS,Met,Battalion 7,Rescue,2/9/26,2026-02-09,2/9/26,2026-02-09,2/9/26,2026-02-09,nan,,08:37:12,83712,08:37:56,83756,08:38:40,83840,08:38:51,83851.0,,,11.0,0.18333333333333332,Met,True,2026-02-09,Monday,February,8
MR014,S100000139,LWFD,17B01,MR014,2/9/26 0:00,B1,,LWRQ1,810,F26B,110501,2/9/26 0:00,110543,2/9/26 0:00,110618,110703.0,2/9/26 0:00,111652.0,45.0,S100000139,S100000139,AOS,EMS,Met,Battalion 7,Rescue,2/9/26,2026-02-09,2/9/26,2026-02-09,2/9/26,2026-02-09,2/9/26,2026-02-09,11:05:01,110501,11:05:43,110543,11:06:18,110618,11:07:03,110703.0,11:16:52,111652.0,45.0,0.75,Met,True,2026-02-09,Monday,February,11
MR023,S100000140,LKFD,06D02,MR023,2/9/26 0:00,D1,COM,MR023,22,F23F,82040,2/9/26 0:00,82113,2/9/26 0:00,82137,82140.0,2/9/26 0:00,83802.0,3.0,S100000140,S100000140,AOS,EMS,Met,Battalion 1,Rescue,2/9/26,2026-02-09,2/9/26,2026-02-09,2/9/26,2026-02-09,2/9/26,2026-02-09,08:20:40,82040,08:21:13,82113,08:21:37,82137,08:21:40,82140.0,08:38:02,83802.0,3.0,0.05,Met,True,2026-02-09,Monday,February,8
MR023,S100000141,LKFD,31D01,MR023,2/9/26 0:00,D1,COM,MR023,22,F23E,104521,2/9/26 0:00,104602,2/9/26 0:00,104631,104742.0,2/9/26 0:00,105736.0,71.0,S100000141,S100000141,AOS,EMS,Missed,Battalion 1,Rescue,2/9/26,2026-02-09,2/9/26,2026-02-09,2/9/26,2026-02-09,2/9/26,2026-02-09,10:45:21,104521,10:46:02,104602,10:46:31,104631,10:47:42,104742.0,10:57:36,105736.0,71.0,1.1833333333333333,Missed,False,2026-02-09,Monday,February,10
MR024,S100000142,LKFD,06D02,MR024,2/9/26 0:00,D1,COM,MR024,31N,F31D,105904,2/9/26 0:00,105924,2/9/26 0:00,105957,110041.0,,,44.0,S100000142,S100000142,DNA,EMS,Met,Battalion 1,Rescue,2/9/26,2026-02-09,2/9/26,2026-02-09,2/9/26,2026-02-09,nan,,10:59:04,105904,10:59:24,105924,10:59:57,105957,11:00:41,110041.0,,,44.0,0.7333333333333333,Met,True,2026-02-09,Monday,February,10
MR026,S100000143,LWFD,06C01,MR026,2/9/26 0:00,C1,COM,LWRQ1,810,F11G,83712,2/9/26 0:00,83756,2/9/26 0:00,84759,84816.0,2/9/26 0:00,90148.0,17.0,S100000143,S100000143,AOS,EMS,Met,Battalion 7,Rescue,2/9/26,2026-02-09,2/9/26,2026-02-09,2/9/26,2026-02-09,2/9/26,2026-02-09,08:37:12,83712,08:37:56,83756,08:47:59,84759,08:48:16,84816.0,09:01:48,90148.0,17.0,0.2833333333333333,Met,True,2026-02-09,Monday,February,8
MR026,S100000144,LWFD,06D01,MR026,2/9/26 0:00,D1,,MR026,810,F26B,102311,2/9/26 0:00,102419,2/9/26 0:00,102444,102511.0,2/9/26 0:00,103244.0,27.0,S100000144,S100000144,AOS,EMS,Met,Battalion 7,Rescue,2/9/26,2026-02-09,2/9/26,2026-02-09,2/9/26,2026-02-09,2/9/26,2026-02-09,10:23:11,102311,10:24:19,102419,10:24:44,102444,10:25:11,102511.0,10:32:44,103244.0,27.0,0.45,Met,True,2026-02-09,Monday,February,10
MR030,S100000145,HCFD,17B01,MR030,2/9/26 0:00,B1,COM,MR030,610,F610J,92907,2/9/26 0:00,92930,2/9/26 0:00,93011,93019.0,2/9/26 0:00,93701.0,8.0,S100000145,S100000145,AOS,EMS,Met,Battalion 5,Rescue,2/9/26,2026-02-09,2/9/26,2026-02-09,2/9/26,2026-02-09,2/9/26,2026-02-09,09:29:07,92907,09:29:30,92930,09:30:11,93011,09:30:19,93019.0,09:37:01,93701.0,8.0,0.13333333333333333,Met,True,2026-02-09,Monday,February,9
MR035,S100000146,LKFD,26A02,MR035,2/9/26 0:00,A1,COM,MR035,35N,F28A,80236,2/9/26 0:00,80339,2/9/26 0:00,80444,80452.0,2/9/26 0:00,81444.0,8.0,S100000146,S100000146,AOS,EMS,Met,Battalion 3,Rescue,2/9/26,2026-02-09,2/9/26,2026-02-09,2/9/26,2026-02-09,2/9/26,2026-02-09,08:02:36,80236,08:03:39,80339,08:04:44,80444,08:04:52,80452.0,08:14:44,81444.0,8.0,0.13333333333333333,Met,True,2026-02-09,Monday,February,8
MR036,S100000147,ABFD,29B01,MR036,2/9/26 0:00,B1,COM,BC420,420,F420A,80110,2/9/26 0:00,80110,2/9/26 0:00,80510,80533.0,,,23.0,S100000147,S100000147,DNA,EMS,Met,Battalion 2,Rescue,2/9/26,2026-02-09,2/9/26,2026-02-09,2/9/26,2026-02-09,nan,,08:01:10,80110,08:01:10,80110,08:05:10,80510,08:05:33,80533.0,,,23.0,0.38333333333333336,Met,True,2026-02-09,Monday,February,8
MR038,S100000148,DVFD,26C02,MR038,2/9/26 0:00,C1,COM,DVEN2,242,F38E,90428,2/9/26 0:00,90450,2/9/26 0:00,90524,90543.0,2/9/26 0:00,93038.0,19.0,S100000148,S100000148,AOS,EMS,Met,Battalion 2,Rescue,2/9/26,2026-02-09,2/9/26,2026-02-09,2/9/26,2026-02-09,2/9/26,2026-02-09,09:04:28,90428,09:04:50,90450,09:05:24,90524,09:05:43,90543.0,09:30:38,93038.0,19.0,0.31666666666666665,Met,True,2026-02-09,Monday,February,9
MR039,S100000149,LKFD,26A10,MR039,2/9/26 0:00,A1,COM,MD232,32,F32A,100356,2/9/26 0:00,100433,2/9/26 0:00,101315,101354.0,,,39.0,S100000149,S100000149,DNA,EMS,Met,Battalion 3,Rescue,2/9/26,2026-02-09,2/9/26,2026-02-09,2/9/26,2026-02-09,nan,,10:03:56,100356,10:04:33,100433,10:13:15,101315,10:13:54,101354.0,,,39.0,0.65,Met,True,2026-02-09,Monday,February,10
MR230,S100000150,DVFD,06D02E,MR230,2/9/26 0:00,D1,COM,DVEN1,241,F38F,94800,2/9/26 0:00,94822,2/9/26 0:00,94851,94903.0,2/9/26 0:00,95736.0,12.0,S100000150,S100000150,AOS,EMS,Met,Battalion 5,Rescue,2/9/26,2026-02-09,2/9/26,2026-02-09,2/9/26,2026-02-09,2/9/26,2026-02-09,09:48:00,94800,09:48:22,94822,09:48:51,94851,09:49:03,94903.0,09:57:36,95736.0,12.0,0.2,Met,True,2026-02-09,Monday,February,9
