Unit_ID,Call_No,AGENCY,CALL_TYPE_FINAL,OrigUnit,UNIT_enroute_DATE,PRIORITY,DISPOSITION,PRIMARY_UNIT,BEAT,REP_DIST,CALL_CREATED_TIME,CALL_ENTRY_DATE,CALL_ENTRY_TIME,UNIT_DISPATCH_DATE,UNIT_DISPATCH_TIME,UNIT_ENROUTE_TIME,UNIT_ONSCENE_DATE,UNIT_ONSCENE_TIME,TS_UNIT_TURNOUT,Call#,Call_No2,ArrivalStatus,RptCategory,TurnoutCompliance,BattalionName,Unit Type
BC002,S100000001,PCFR,29D02P,BC002,2/9/26 0:00,D1,COM,MR020,33N,F33A,93314,2/9/26 0:00,93412,2/9/26 0:00,93554,93642,2/9/26 0:00,94110,48,S100000001,S100000001,AOS,EMS,Met,Battalion 2,Battalion Chief
BC006,S100000002,PCFR,71,BC006,2/9/26 0:00,PA,COM,EN004,4,F15G,91326,2/9/26 0:00,91410,2/9/26 0:00,91451,91509,2/9/26 0:00,93054,18,S100000002,S100000002,AOS,Fire,Met,Battalion 6,Battalion Chief
BR004,S100000003,PCFR,OOS,BR004,2/9/26 0:00,OS,,BR004,,,102506,2/9/26 0:00,102506,2/9/26 0:00,102506,102506,2/9/26 0:00,102506,0,S100000003,S100000003,AOS,Omit,,Battalion 6,Brush Truck
BR004,S100000004,PCFR,71,BR004,2/9/26 0:00,PA,COM,EN004,4,F15G,91326,2/9/26 0:00,91410,2/9/26 0:00,91631,91855,2/9/26 0:00,93803,144,S100000004,S100000004,AOS,Fire,Missed,Battalion 6,Brush Truck
BR007,S100000005,PCFR,OOS,BR007,2/9/26 0:00,OS,,BR007,,,105742,2/9/26 0:00,105742,2/9/26 0:00,105742,105742,2/9/26 0:00,105742,0,S100000005,S100000005,AOS,Omit,,Battalion 2,Brush Truck
BR012,S100000006,PCFR,OOS,BR012,2/9/26 0:00,OS,,BR012,,,103916,2/9/26 0:00,103916,2/9/26 0:00,103916,103916,2/9/26 0:00,103916,0,S100000006,S100000006,AOS,Omit,,Battalion 7,Brush Truck
BR015,S100000007,PCFR,71,BR015,2/9/26 0:00,PA,COM,EN004,4,F15G,91326,2/9/26 0:00,91410,2/9/26 0:00,91902,91902,2/9/26 0:00,94855,0,S100000007,S100000007,AOS,Fire,Met,Battalion 6,Brush Truck
BR021,S100000008,PCFR,82,BR021,2/9/26 0:00,PA,COM,SQ021,21,F930H,104949,2/9/26 0:00,105049,2/9/26 0:00,105130,105227,2/9/26 0:00,105550,57,S100000008,S100000008,AOS,Fire,Met,Battalion 7,Brush Truck
EN002,S100000009,PCFR,60B03O,EN002,2/9/26 0:00,B1,COM,EN002,2,F02A,90007,2/9/26 0:00,90029,2/9/26 0:00,90100,90139,2/9/26 0:00,91211,39,S100000009,S100000009,AOS,Fire,Met,Battalion 6,Engine
EN002,S100000010,PCFR,26A02,EN002,2/9/26 0:00,A1,,MR002,2,F02A,101236,2/9/26 0:00,101441,2/9/26 0:00,101513,101552,2/9/26 0:00,102815,39,S100000010,S100000010,AOS,EMS,Met,Battalion 6,Engine
EN002,S100000011,PCFR,26A05,EN002,2/9/26 0:00,A1,,MD202,2,F02F,105906,2/9/26 0:00,105940,2/9/26 0:00,110205,110213,2/9/26 0:00,111427,8,S100000011,S100000011,AOS,EMS,Met,Battalion 6,Engine
EN004,S100000012,PCFR,71,EN004,2/9/26 0:00,PA,COM,EN004,4,F15G,91326,2/9/26 0:00,91410,2/9/26 0:00,91451,91546,2/9/26 0:00,92719,55,S100000012,S100000012,AOS,Fire,Met,Battalion 6,Engine
EN005,S100000013,PCFR,68C01,EN005,2/9/26 0:00,C1,UTL,EN005,16,F560G,105656,2/9/26 0:00,105722,2/9/26 0:00,105941,110000,2/9/26 0:00,111004,19,S100000013,S100000013,AOS,Fire,Met,Battalion 4,Engine
EN005,S100000014,PCFR,17A04G,EN005,2/9/26 0:00,A1,COM,MR005,5,F05C,100734,2/9/26 0:00,100749,2/9/26 0:00,100816,100820,2/9/26 0:00,101648,4,S100000014,S100000014,AOS,EMS,Met,Battalion 4,Engine
EN006,S100000015,PCFR,26A08,EN006,2/9/26 0:00,A1,COM,MR006,6,F06A,81111,2/9/26 0:00,81239,2/9/26 0:00,81309,81329,2/9/26 0:00,82959,20,S100000015,S100000015,AOS,EMS,Met,Battalion 1,Engine
EN006,S100000016,PCFR,01C05,EN006,2/9/26 0:00,C1,,MR006,6,F06A,103952,2/9/26 0:00,104027,2/9/26 0:00,104057,104110,2/9/26 0:00,105143,13,S100000016,S100000016,AOS,EMS,Met,Battalion 1,Engine
EN006,S100000017,PCFR,53A02,EN006,2/9/26 0:00,A1,COM,EN006,6,F06A,110225,2/9/26 0:00,110301,2/9/26 0:00,110334,110339,2/9/26 0:00,111148,5,S100000017,S100000017,AOS,Other,N/A,Battalion 1,Engine
EN006,S100000018,PCFR,53A02,EN006,2/9/26 0:00,A1,COM,EN006,6,F06A,110225,2/9/26 0:00,110301,2/9/26 0:00,110334,110339,2/9/26 0:00,111148,5,S100000018,S100000018,AOS,Other,N/A,Battalion 1,Engine
EN010,S100000019,PCFR,21A01T,EN010,2/9/26 0:00,A1,COM,MR010,10,F10B,91435,2/9/26 0:00,91457,2/9/26 0:00,91536,91539,2/9/26 0:00,93419,3,S100000019,S100000019,AOS,EMS,Met,Battalion 6,Engine
EN012,S100000020,PCFR,26D01,EN012,2/9/26 0:00,D1,COM,MR012,12,F930E,90110,2/9/26 0:00,90149,2/9/26 0:00,90216,90351,2/9/26 0:00,90823,95,S100000020,S100000020,AOS,EMS,Missed,Battalion 7,Engine
EN017,S100000021,PCFR,26A08,EN017,2/9/26 0:00,A1,COM,MR017,17,F17C,80332,2/9/26 0:00,80408,2/9/26 0:00,80458,80516,2/9/26 0:00,81300,18,S100000021,S100000021,AOS,EMS,Met,Battalion 4,Engine
EN017,S100000022,PCFR,OOS,EN017,2/9/26 0:00,OS,,EN017,,,102047,2/9/26 0:00,102047,2/9/26 0:00,102047,102047,2/9/26 0:00,102047,0,S100000022,S100000022,AOS,Omit,,Battalion 4,Engine
EN028,S100000023,PCFR,17A04,EN028,2/9/26 0:00,A1,COM,MR028,28,F34G,90917,2/9/26 0:00,90942,2/9/26 0:00,91033,91108,2/9/26 0:00,91952,35,S100000023,S100000023,AOS,EMS,Met,Battalion 3,Engine
EN033,S100000024,PCFR,06D02O,EN033,2/9/26 0:00,D1,COM,MR033,33N,F33A,91727,2/9/26 0:00,91748,2/9/26 0:00,91823,91829,2/9/26 0:00,92634,6,S100000024,S100000024,AOS,EMS,Met,Battalion 2,Engine
EN035,S100000025,PCFR,31A01,EN035,2/9/26 0:00,A1,COM,MR035,35N,F28E,94045,2/9/26 0:00,94111,2/9/26 0:00,94128,94216,2/9/26 0:00,95014,48,S100000025,S100000025,AOS,EMS,Met,Battalion 3,Engine
EN036,S100000026,PCFR,26A08,EN036,2/9/26 0:00,A1,,MR036,36,F560F,103257,2/9/26 0:00,103410,2/9/26 0:00,103438,103449,2/9/26 0:00,104624,11,S100000026,S100000026,AOS,EMS,Met,Battalion 2,Engine
EN036,S100000027,PCFR,28C01J,EN036,2/9/26 0:00,C1,COM,MD216,16,F560G,83854,2/9/26 0:00,83930,2/9/26 0:00,83958,84058,2/9/26 0:00,85049,60,S100000027,S100000027,AOS,EMS,Met,Battalion 2,Engine
EN037,S100000028,PCFR,26A08,EN037,2/9/26 0:00,A1,,MR046,37,F37A,105707,2/9/26 0:00,105736,2/9/26 0:00,105802,105822,2/9/26 0:00,110949,20,S100000028,S100000028,AOS,EMS,Met,Battalion 5,Engine
EN046,S100000029,PCFR,18C02,EN046,2/9/26 0:00,C1,COM,MR037,46,F40B,102009,2/9/26 0:00,102208,2/9/26 0:00,102249,102350,2/9/26 0:00,102927,61,S100000029,S100000029,AOS,EMS,Missed,Battalion 5,Engine
EN046,S100000030,PCFR,17D04,EN046,2/9/26 0:00,D1,COM,MR046,46,F40B,92831,2/9/26 0:00,92910,2/9/26 0:00,92946,93039,2/9/26 0:00,93718,53,S100000030,S100000030,AOS,EMS,Met,Battalion 5,Engine
LD015,S100000031,PCFR,60B03O,LD015,2/9/26 0:00,B1,COM,EN002,2,F02A,90007,2/9/26 0:00,90029,2/9/26 0:00,90326,90326,2/9/26 0:00,91638,0,S100000031,S100000031,AOS,Fire,Met,Battalion 6,Special Operations
LD015,S100000032,PCFR,OOS,LD015,2/9/26 0:00,OS,,LD015,,,85907,2/9/26 0:00,85907,2/9/26 0:00,85907,85907,2/9/26 0:00,85907,0,S100000032,S100000032,AOS,Omit,,Battalion 6,Special Operations
LD015,S100000033,PCFR,OOS,LD015,2/9/26 0:00,OS,,LD015,,,93143,2/9/26 0:00,93143,2/9/26 0:00,93143,93143,2/9/26 0:00,93143,0,S100000033,S100000033,AOS,Omit,,Battalion 6,Special Operations
LD042,S100000034,PCFR,12A03,LD042,2/9/26 0:00,A1,COM,MR042,42N,F33B,85607,2/9/26 0:00,85635,2/9/26 0:00,85654,85750,2/9/26 0:00,90324,56,S100000034,S100000034,AOS,EMS,Met,Battalion 2,Ladder
LD042,S100000035,PCFR,53A02,LD042,2/9/26 0:00,A1,COM,LD042,42N,F33B,101029,2/9/26 0:00,101105,2/9/26 0:00,101218,101230,2/9/26 0:00,102213,12,S100000035,S100000035,AOS,Other,N/A,Battalion 2,Ladder
LD042,S100000036,PCFR,56A01,LD042,2/9/26 0:00,A1,COM,LD042,42N,F33B,81614,2/9/26 0:00,81635,2/9/26 0:00,81654,81729,2/9/26 0:00,82334,35,S100000036,S100000036,AOS,Fire,Met,Battalion 2,Ladder
LD042,S100000037,PCFR,53A02,LD042,2/9/26 0:00,A1,COM,LD042,42N,F33B,101029,2/9/26 0:00,101105,2/9/26 0:00,101218,101230,2/9/26 0:00,102213,12,S100000037,S100000037,AOS,Other,N/A,Battalion 2,Ladder
MD009,S100000038,PCFR,OOS,MD009,2/9/26 0:00,OS,,MD009,,,83056,2/9/26 0:00,83056,2/9/26 0:00,83056,83056,2/9/26 0:00,83056,0,S100000038,S100000038,AOS,Omit,,Battalion 6,Rescue
MD022,S100000039,PCFR,10C03,MD022,2/9/26 0:00,C1,COM,MD022,23,F23D,84446,2/9/26 0:00,84508,2/9/26 0:00,84543,84619,2/9/26 0:00,85252,36,S100000039,S100000039,AOS,EMS,Met,Battalion 1,Rescue
MD034,S100000040,PCFR,OOS,MD034,2/9/26 0:00,OS,,MD034,,,111108,2/9/26 0:00,111108,2/9/26 0:00,111108,111108,2/9/26 0:00,111108,0,S100000040,S100000040,AOS,Omit,,Battalion 3,Rescue
MD216,S100000041,PCFR,28C01J,MD216,2/9/26 0:00,C1,COM,MD216,16,F560G,83854,2/9/26 0:00,83930,2/9/26 0:00,83958,84043,2/9/26 0:00,85033,45,S100000041,S100000041,AOS,EMS,Met,Battalion 4,Rescue
MR002,S100000042,PCFR,26A08,MR002,2/9/26 0:00,A1,COM,MR002,2,F02D,91447,2/9/26 0:00,91514,2/9/26 0:00,91556,91602,2/9/26 0:00,91848,6,S100000042,S100000042,AOS,EMS,Met,Battalion 6,Rescue
MR002,S100000043,PCFR,26A02,MR002,2/9/26 0:00,A1,,MR002,2,F02A,101236,2/9/26 0:00,101441,2/9/26 0:00,101513,101527,2/9/26 0:00,103248,14,S100000043,S100000043,AOS,EMS,Met,Battalion 6,Rescue
MR006,S100000044,PCFR,26A08,MR006,2/9/26 0:00,A1,COM,MR006,6,F06A,81111,2/9/26 0:00,81239,2/9/26 0:00,81309,81332,2/9/26 0:00,82728,23,S100000044,S100000044,AOS,EMS,Met,Battalion 1,Rescue
MR006,S100000045,PCFR,01C05,MR006,2/9/26 0:00,C1,,MR006,6,F06A,103952,2/9/26 0:00,104027,2/9/26 0:00,104057,104110,2/9/26 0:00,104922,13,S100000045,S100000045,AOS,EMS,Met,Battalion 1,Rescue
MR007,S100000046,PCFR,OOS,MR007,2/9/26 0:00,OS,,MR007,,,95914,2/9/26 0:00,95914,2/9/26 0:00,95914,95914,2/9/26 0:00,95914,0,S100000046,S100000046,AOS,Omit,,Battalion 2,Rescue
MR011,S100000047,PCFR,OOS,MR011,2/9/26 0:00,OS,,MR011,,,85326,2/9/26 0:00,85326,2/9/26 0:00,85326,85326,2/9/26 0:00,85326,0,S100000047,S100000047,AOS,Omit,,Battalion 7,Rescue
MR012,S100000048,PCFR,26D01,MR012,2/9/26 0:00,D1,COM,MR012,12,F930E,90110,2/9/26 0:00,90149,2/9/26 0:00,90216,90219,2/9/26 0:00,91539,3,S100000048,S100000048,AOS,EMS,Met,Battalion 7,Rescue
MR014,S100000049,PCFR,OOS,MR014,2/9/26 0:00,OS,,MR014,,,82429,2/9/26 0:00,82429,2/9/26 0:00,82429,82429,2/9/26 0:00,82429,0,S100000049,S100000049,AOS,Omit,,Battalion 7,Rescue
MR015,S100000050,PCFR,29,MR015,2/9/26 0:00,PA,COM,MR015,15,F15B,92923,2/9/26 0:00,93035,2/9/26 0:00,93105,93127,2/9/26 0:00,93608,22,S100000050,S100000050,AOS,EMS,Met,Battalion 6,Rescue
MR017,S100000051,PCFR,26C02,MR017,2/9/26 0:00,C1,,MR017,17,F17A,101623,2/9/26 0:00,101715,2/9/26 0:00,101746,101750,2/9/26 0:00,102456,4,S100000051,S100000051,AOS,EMS,Met,Battalion 4,Rescue
MR017,S100000052,PCFR,26A08,MR017,2/9/26 0:00,A1,COM,MR017,17,F17C,80332,2/9/26 0:00,80408,2/9/26 0:00,80458,80501,2/9/26 0:00,81520,3,S100000052,S100000052,AOS,EMS,Met,Battalion 4,Rescue
MR018,S100000053,PCFR,31C01,MR018,2/9/26 0:00,C1,,MR018,18,F18C,105608,2/9/26 0:00,105705,2/9/26 0:00,105730,105752,2/9/26 0:00,110304,22,S100000053,S100000053,AOS,EMS,Met,Battalion 4,Rescue
MR025,S100000054,PCFR,OOS,MR025,2/9/26 0:00,OS,,MR025,,,84928,2/9/26 0:00,84928,2/9/26 0:00,84928,84928,2/9/26 0:00,84928,0,S100000054,S100000054,AOS,Omit,,Battalion 1,Rescue
MR028,S100000055,PCFR,26D01,MR028,2/9/26 0:00,D1,,MR028,28,F28F,100425,2/9/26 0:00,100444,2/9/26 0:00,100525,100531,2/9/26 0:00,101001,6,S100000055,S100000055,AOS,EMS,Met,Battalion 3,Rescue
MR033,S100000056,PCFR,06D02O,MR033,2/9/26 0:00,D1,COM,MR033,33N,F33A,91727,2/9/26 0:00,91748,2/9/26 0:00,91823,92016,2/9/26 0:00,92543,113,S100000056,S100000056,AOS,EMS,Missed,Battalion 2,Rescue
MR035,S100000057,PCFR,31A01,MR035,2/9/26 0:00,A1,COM,MR035,35N,F28E,94045,2/9/26 0:00,94111,2/9/26 0:00,94128,94140,2/9/26 0:00,94739,12,S100000057,S100000057,AOS,EMS,Met,Battalion 3,Rescue
MR036,S100000058,PCFR,26A08,MR036,2/9/26 0:00,A1,,MR036,36,F560F,103257,2/9/26 0:00,103410,2/9/26 0:00,103438,103455,2/9/26 0:00,104631,17,S100000058,S100000058,AOS,EMS,Met,Battalion 2,Rescue
MR036,S100000059,PCFR,OOS,MR036,2/9/26 0:00,OS,,MR036,,,84313,2/9/26 0:00,84313,2/9/26 0:00,84313,84313,2/9/26 0:00,84313,0,S100000059,S100000059,AOS,Omit,,Battalion 2,Rescue
MR037,S100000060,PCFR,18C02,MR037,2/9/26 0:00,C1,COM,MR037,46,F40B,102009,2/9/26 0:00,102208,2/9/26 0:00,102249,102256,2/9/26 0:00,103556,7,S100000060,S100000060,AOS,EMS,Met,Battalion 5,Rescue
MR042,S100000061,PCFR,12A03,MR042,2/9/26 0:00,A1,COM,MR042,42N,F33B,85607,2/9/26 0:00,85635,2/9/26 0:00,85654,85717,2/9/26 0:00,90344,23,S100000061,S100000061,AOS,EMS,Met,Battalion 2,Rescue
MR046,S100000062,PCFR,17D04,MR046,2/9/26 0:00,D1,COM,MR046,46,F40B,92831,2/9/26 0:00,92910,2/9/26 0:00,92946,93024,2/9/26 0:00,93713,38,S100000062,S100000062,AOS,EMS,Met,Battalion 5,Rescue
MR046,S100000063,PCFR,26A08,MR046,2/9/26 0:00,A1,,MR046,37,F37A,105707,2/9/26 0:00,105736,2/9/26 0:00,105802,105806,2/9/26 0:00,110904,4,S100000063,S100000063,AOS,EMS,Met,Battalion 5,Rescue
MR218,S100000064,PCFR,OOS,MR218,2/9/26 0:00,OS,,MR218,,,102113,2/9/26 0:00,102113,2/9/26 0:00,102113,102113,2/9/26 0:00,102113,0,S100000064,S100000064,AOS,Omit,,Battalion 4,Rescue
SQ007,S100000065,PCFR,OOS,SQ007,2/9/26 0:00,OS,,BR007,,,105742,2/9/26 0:00,105742,2/9/26 0:00,105742,105742,2/9/26 0:00,105742,0,S100000065,S100000065,AOS,Omit,,Battalion 2,Special Operations
SQ021,S100000066,PCFR,82,SQ021,2/9/26 0:00,PA,COM,SQ021,21,F930H,104949,2/9/26 0:00,105049,2/9/26 0:00,105130,105144,2/9/26 0:00,105144,14,S100000066,S100000066,AOS,Fire,Met,Battalion 7,Special Operations
TE007,S100000067,PCFR,OOS,TE007,2/9/26 0:00,OS,,TE007,,,102845,2/9/26 0:00,102845,2/9/26 0:00,102845,102845,2/9/26 0:00,102845,0,S100000067,S100000067,AOS,Omit,,Battalion 2,Tender
TE015,S100000068,PCFR,71,TE015,2/9/26 0:00,PA,COM,EN004,4,F15G,91326,2/9/26 0:00,91410,2/9/26 0:00,91639,91642,2/9/26 0:00,93528,3,S100000068,S100000068,AOS,Fire,Met,Battalion 6,Tender
TW033,S100000069,PCFR,OOS,TW033,2/9/26 0:00,OS,,TW033,,,102020,2/9/26 0:00,102020,2/9/26 0:00,102020,102020,2/9/26 0:00,102020,0,S100000069,S100000069,AOS,Omit,,Battalion 2,Special Operations
TW033,S100000070,PCFR,29D02P,TW033,2/9/26 0:00,D1,COM,MR020,33N,F33A,93314,2/9/26 0:00,93412,2/9/26 0:00,93554,93610,2/9/26 0:00,94110,16,S100000070,S100000070,AOS,EMS,Met,Battalion 2,Special Operations
BC003,S100000071,PCFR,29,BC003,2/9/26 0:00,PA,COM,MR015,15,F15B,92923,2/9/26 0:00,93035,2/9/26 0:00,93105,93139,,,34,S100000071,S100000071,DNA,EMS,Met,Battalion 3,Battalion Chief
BC004,S100000072,PCFR,68C01,BC004,2/9/26 0:00,C1,UTL,EN005,16,F560G,105656,2/9/26 0:00,105722,2/9/26 0:00,105941,110001,,,20,S100000072,S100000072,DNA,Fire,Met,Battalion 4,Battalion Chief
BC005,S100000073,PCFR,52,BC005,2/9/26 0:00,PA,COM,HCEN2,38,F38A,80254,2/9/26 0:00,80316,2/9/26 0:00,80416,80431,,,15,S100000073,S100000073,DNA,Fire,Met,Battalion 5,Battalion Chief
BC005,S100000074,PCFR,18C02,BC005,,C1,COM,MR037,46,F40B,102009,2/9/26 0:00,102208,2/9/26 0:00,102249,,,,,S100000074,S100000074,,EMS,Met,Battalion 5,Battalion Chief
BC006,S100000075,PCFR,60B03O,BC006,2/9/26 0:00,B1,COM,EN002,2,F02A,90007,2/9/26 0:00,90029,2/9/26 0:00,90100,90405,,,185,S100000075,S100000075,DNA,Fire,Missed,Battalion 6,Battalion Chief
BC007,S100000076,PCFR,82,BC007,2/9/26 0:00,PA,COM,SQ021,21,F930H,104949,2/9/26 0:00,105049,2/9/26 0:00,105130,105143,,,13,S100000076,S100000076,DNA,Fire,Met,Battalion 7,Battalion Chief
EN002,S100000077,PCFR,26A08,EN002,2/9/26 0:00,A1,COM,MR002,2,F02D,91447,2/9/26 0:00,91514,2/9/26 0:00,92055,92057,,,2,S100000077,S100000077,DNA,EMS,Met,Battalion 6,Engine
EN005,S100000078,PCFR,26C02,EN005,2/9/26 0:00,C1,,MR017,17,F17A,101623,2/9/26 0:00,101715,2/9/26 0:00,102126,102136,,,10,S100000078,S100000078,DNA,EMS,Met,Battalion 4,Engine
EN008,S100000079,PCFR,26A08,EN008,2/9/26 0:00,A1,COM,MR002,2,F02D,91447,2/9/26 0:00,91514,2/9/26 0:00,91556,91638,,,42,S100000079,S100000079,DNA,EMS,Met,Battalion 6,Engine
EN008,S100000080,PCFR,26A05,EN008,2/9/26 0:00,A1,,MD202,2,F02F,105906,2/9/26 0:00,105940,2/9/26 0:00,110013,110101,,,48,S100000080,S100000080,DNA,EMS,Met,Battalion 6,Engine
EN008,S100000081,PCFR,26O07,EN008,2/9/26 0:00,O1,,MR015,8,F02E,111221,2/9/26 0:00,111244,2/9/26 0:00,111306,111321,,,15,S100000081,S100000081,DNA,EMS,Met,Battalion 6,Engine
EN008,S100000082,PCFR,29,EN008,2/9/26 0:00,PA,COM,MR015,15,F15B,92923,2/9/26 0:00,93035,2/9/26 0:00,93156,93236,,,40,S100000082,S100000082,DNA,EMS,Met,Battalion 6,Engine
EN017,S100000083,PCFR,26C02,EN017,2/9/26 0:00,C1,,MR017,17,F17A,101623,2/9/26 0:00,101715,2/9/26 0:00,101746,101835,,,49,S100000083,S100000083,DNA,EMS,Met,Battalion 4,Engine
EN020,S100000084,PCFR,52,EN020,2/9/26 0:00,PA,COM,HCEN2,38,F38A,80254,2/9/26 0:00,80316,2/9/26 0:00,80416,80445,,,29,S100000084,S100000084,DNA,Fire,Met,Battalion 2,Engine
EN028,S100000085,PCFR,26D01,EN028,2/9/26 0:00,D1,,MR028,28,F28F,100425,2/9/26 0:00,100444,2/9/26 0:00,100525,100538,,,13,S100000085,S100000085,DNA,EMS,Met,Battalion 3,Engine
EN033,S100000086,PCFR,25,EN033,2/9/26 0:00,PA,COM,MR020,33N,F33C,95206,2/9/26 0:00,95254,2/9/26 0:00,95335,95354,,,19,S100000086,S100000086,DNA,EMS,Met,Battalion 2,Engine
EN033,S100000087,PCFR,29D02P,EN033,2/9/26 0:00,D1,COM,MR020,33N,F33A,93314,2/9/26 0:00,93412,2/9/26 0:00,93757,93807,,,10,S100000087,S100000087,DNA,EMS,Met,Battalion 2,Engine
EN036,S100000088,PCFR,68C01,EN036,2/9/26 0:00,C1,UTL,EN005,16,F560G,105656,2/9/26 0:00,105722,2/9/26 0:00,110243,110246,,,3,S100000088,S100000088,DNA,Fire,Met,Battalion 2,Engine
EN038,S100000089,PCFR,29D02P,EN038,2/9/26 0:00,D1,COM,MR020,33N,F33A,93314,2/9/26 0:00,93412,2/9/26 0:00,93554,93643,,,49,S100000089,S100000089,DNA,EMS,Met,Battalion 2,Engine
HV009,S100000090,PCFR,60B03O,HV009,2/9/26 0:00,B1,COM,EN002,2,F02A,90007,2/9/26 0:00,90029,2/9/26 0:00,90100,90116,,,16,S100000090,S100000090,DNA,Fire,Met,Battalion 3,Special Operations
LD015,S100000091,PCFR,29,LD015,,PA,COM,MR015,15,F15B,92923,2/9/26 0:00,93035,2/9/26 0:00,93105,,,,,S100000091,S100000091,,EMS,Met,Battalion 6,Special Operations
LD023,S100000092,PCFR,25,LD023,2/9/26 0:00,PA,COM,MR006,23,F23D,91409,2/9/26 0:00,91409,2/9/26 0:00,91517,91541,,,24,S100000092,S100000092,DNA,EMS,Met,Battalion 1,Ladder
LD023,S100000093,PCFR,10C03,LD023,2/9/26 0:00,C1,COM,MD022,23,F23D,84446,2/9/26 0:00,84508,2/9/26 0:00,84543,84650,,,67,S100000093,S100000093,DNA,EMS,Missed,Battalion 1,Ladder
MD222,S100000094,PCFR,25,MD222,2/9/26 0:00,PA,COM,MD222,7,F07D,101204,2/9/26 0:00,101204,2/9/26 0:00,101241,101246,,,5,S100000094,S100000094,DNA,EMS,Met,Battalion 1,Rescue
MR005,S100000095,PCFR,17A04G,MR005,2/9/26 0:00,A1,COM,MR005,5,F05C,100734,2/9/26 0:00,100749,2/9/26 0:00,100816,100855,,,39,S100000095,S100000095,DNA,EMS,Met,Battalion 4,Rescue
MR006,S100000096,PCFR,25,MR006,2/9/26 0:00,PA,COM,MR006,23,F23D,91409,2/9/26 0:00,91409,2/9/26 0:00,91517,91556,,,39,S100000096,S100000096,DNA,EMS,Met,Battalion 1,Rescue
MR010,S100000097,PCFR,21A01T,MR010,2/9/26 0:00,A1,COM,MR010,10,F10B,91435,2/9/26 0:00,91457,2/9/26 0:00,91536,91607,,,31,S100000097,S100000097,DNA,EMS,Met,Battalion 6,Rescue
MR015,S100000098,PCFR,26O07,MR015,2/9/26 0:00,O1,,MR015,8,F02E,111221,2/9/26 0:00,111244,2/9/26 0:00,111306,111357,,,51,S100000098,S100000098,DNA,EMS,Met,Battalion 6,Rescue
MR020,S100000099,PCFR,25,MR020,2/9/26 0:00,PA,COM,MR020,33N,F33C,95206,2/9/26 0:00,95254,2/9/26 0:00,95335,95337,,,2,S100000099,S100000099,DNA,EMS,Met,Battalion 2,Rescue
MR020,S100000100,PCFR,29D02P,MR020,2/9/26 0:00,D1,COM,MR020,33N,F33A,93314,2/9/26 0:00,93412,2/9/26 0:00,93554,93557,,,3,S100000100,S100000100,DNA,EMS,Met,Battalion 2,Rescue
MR028,S100000101,PCFR,17A04,MR028,2/9/26 0:00,A1,COM,MR028,28,F34G,90917,2/9/26 0:00,90942,2/9/26 0:00,91033,91038,,,5,S100000101,S100000101,DNA,EMS,Met,Battalion 3,Rescue
SQ007,S100000102,PCFR,25,SQ007,2/9/26 0:00,PA,COM,MD222,7,F07D,101204,2/9/26 0:00,101204,2/9/26 0:00,101241,101320,,,39,S100000102,S100000102,DNA,EMS,Met,Battalion 2,Special Operations
TW033,S100000103,PCFR,56A01,TW033,2/9/26 0:00,A1,COM,LD042,42N,F33B,81614,2/9/26 0:00,81635,2/9/26 0:00,81853,81859,,,6,S100000103,S100000103,DNA,Fire,Met,Battalion 2,Special Operations
BC003,S100000104,LKFD,9.00E+01,BC003,2/9/26 0:00,E1,,MD234,34,F34C,110439,2/9/26 0:00,110514,2/9/26 0:00,110550,110634,,,44,S100000104,S100000104,DNA,EMS,Met,Battalion 3,Battalion Chief
BR005,S100000105,WHFD,82D08,BR005,2/9/26 0:00,D1,,WHPV1,WH1,F510I,103308,2/9/26 0:00,103308,2/9/26 0:00,103410,103510,,,60,S100000105,S100000105,DNA,Fire,Met,Battalion 4,Brush Truck
EN005,S100000106,WHFD,82D08,EN005,2/9/26 0:00,D1,,WHPV1,WH1,F510I,103308,2/9/26 0:00,103308,2/9/26 0:00,103658,103719,,,21,S100000106,S100000106,DNA,Fire,Met,Battalion 4,Engine
EN017,S100000107,WHFD,26C02,EN017,,C1,COM,MD029,WH5,F510A,100755,2/9/26 0:00,100821,2/9/26 0:00,101143,,,,,S100000107,S100000107,,EMS,Met,Battalion 4,Engine
EN018,S100000108,WHFD,82D08,EN018,2/9/26 0:00,D1,,WHPV1,WH1,F510I,103308,2/9/26 0:00,103308,2/9/26 0:00,103410,103424,2/9/26 0:00,104224,14,S100000108,S100000108,AOS,Fire,Met,Battalion 4,Engine
EN019,S100000109,WHFD,82D08,EN019,2/9/26 0:00,D1,,WHPV1,WH1,F510I,103308,2/9/26 0:00,103308,2/9/26 0:00,103658,103830,,,92,S100000109,S100000109,DNA,Fire,Missed,Battalion 4,Engine
MD009,S100000110,BAFD,10D02,MD009,2/9/26 0:00,D1,COM,MD009,9,F730I,102903,2/9/26 0:00,102926,2/9/26 0:00,103005,103137,2/9/26 0:00,103811,92,S100000110,S100000110,AOS,EMS,Missed,Battalion 6,Rescue
MD016,S100000111,ABFD,29B01,MD016,2/9/26 0:00,B1,COM,BC420,420,F420A,80110,2/9/26 0:00,80110,2/9/26 0:00,80140,80216,2/9/26 0:00,81213,36,S100000111,S100000111,AOS,EMS,Met,Battalion 4,Rescue
MD022,S100000112,LKFD,48,MD022,2/9/26 0:00,D1,COM,MD022,22,F23E,95542,2/9/26 0:00,95718,2/9/26 0:00,95745,95748,2/9/26 0:00,100848,3,S100000112,S100000112,AOS,Fire,Met,Battalion 1,Rescue
MD029,S100000113,LKFD,12D04,MD029,2/9/26 0:00,D1,COM,MD034,35N,F28D,94929,2/9/26 0:00,94959,2/9/26 0:00,101008,101011,,,3,S100000113,S100000113,DNA,EMS,Met,Battalion 4,Rescue
MD029,S100000114,WHFD,26C02,MD029,2/9/26 0:00,C1,COM,MD029,WH5,F510A,100755,2/9/26 0:00,100821,2/9/26 0:00,101225,101230,2/9/26 0:00,101631,5,S100000114,S100000114,AOS,EMS,Met,Battalion 4,Rescue
MD029,S100000115,WHFD,12D02E,MD029,2/9/26 0:00,D1,COM,MD029,WH4,F510F,81156,2/9/26 0:00,81225,2/9/26 0:00,81352,81423,2/9/26 0:00,81914,31,S100000115,S100000115,AOS,EMS,Met,Battalion 4,Rescue
MD031,S100000116,LKFD,31C01,MD031,2/9/26 0:00,C1,COM,MD231,31N,F31D,101918,2/9/26 0:00,101934,2/9/26 0:00,102327,102452,2/9/26 0:00,102931,85,S100000116,S100000116,AOS,EMS,Missed,Battalion 1,Rescue
MD031,S100000117,LKFD,17A04,MD031,2/9/26 0:00,A1,COM,MD031,31N,F31D,101011,2/9/26 0:00,101026,2/9/26 0:00,101202,101205,2/9/26 0:00,101636,3,S100000117,S100000117,AOS,EMS,Met,Battalion 1,Rescue
MD031,S100000118,LKFD,06D02,MD031,2/9/26 0:00,D1,COM,MR024,31N,F31D,105904,2/9/26 0:00,105924,2/9/26 0:00,110406,110408,2/9/26 0:00,110756,2,S100000118,S100000118,AOS,EMS,Met,Battalion 1,Rescue
MD032,S100000119,LKFD,10D02,MD032,2/9/26 0:00,D1,COM,MD032,35N,F28A,82221,2/9/26 0:00,82248,2/9/26 0:00,82323,82332,2/9/26 0:00,83313,9,S100000119,S100000119,AOS,EMS,Met,Battalion 3,Rescue
MD032,S100000120,LKFD,26A10,MD032,2/9/26 0:00,A1,COM,MD032,32,F32B,93802,2/9/26 0:00,93834,2/9/26 0:00,93856,93918,2/9/26 0:00,95240,22,S100000120,S100000120,AOS,EMS,Met,Battalion 3,Rescue
MD032,S100000121,LKFD,23C02M,MD032,2/9/26 0:00,C1,,MD032,22,F23F,104808,2/9/26 0:00,104907,2/9/26 0:00,104939,105013,2/9/26 0:00,110512,34,S100000121,S100000121,AOS,EMS,Met,Battalion 3,Rescue
MD034,S100000122,LKFD,12D04,MD034,2/9/26 0:00,D1,COM,MD034,35N,F28D,94929,2/9/26 0:00,94959,2/9/26 0:00,95020,95129,2/9/26 0:00,95843,69,S100000122,S100000122,AOS,EMS,Missed,Battalion 3,Rescue
MD209,S100000123,BAFD,32,MD209,2/9/26 0:00,PA,COM,MD209,9,F730I,105953,2/9/26 0:00,110120,2/9/26 0:00,110145,110234,,,49,S100000123,S100000123,DNA,EMS,Met,Battalion 6,Rescue
MD209,S100000124,BAFD,17A03,MD209,2/9/26 0:00,A1,COM,MD209,9,F730I,93136,2/9/26 0:00,93236,2/9/26 0:00,93325,93402,2/9/26 0:00,94454,37,S100000124,S100000124,AOS,EMS,Met,Battalion 6,Rescue
MD216,S100000125,ABFD,29B01,MD216,2/9/26 0:00,B1,COM,BC420,420,F420A,80110,2/9/26 0:00,80110,2/9/26 0:00,80551,80910,,,199,S100000125,S100000125,DNA,EMS,Missed,Battalion 4,Rescue
MD222,S100000126,LKFD,32,MD222,2/9/26 0:00,PA,COM,MD222,22,F23F,95818,2/9/26 0:00,95829,2/9/26 0:00,95850,95855,,,5,S100000126,S100000126,DNA,EMS,Met,Battalion 1,Rescue
MD222,S100000127,LKFD,26D01,MD222,2/9/26 0:00,D1,COM,MD222,22,F23F,85012,2/9/26 0:00,85120,2/9/26 0:00,85145,85217,2/9/26 0:00,85722,32,S100000127,S100000127,AOS,EMS,Met,Battalion 1,Rescue
MD229,S100000128,WHFD,26C02,MD229,2/9/26 0:00,C1,COM,MD029,WH5,F510A,100755,2/9/26 0:00,100821,2/9/26 0:00,101143,101147,,,4,S100000128,S100000128,DNA,EMS,Met,Battalion 4,Rescue
MD229,S100000129,WHFD,10C03,MD229,2/9/26 0:00,C1,COM,WHEN2,WH2,F510B,82149,2/9/26 0:00,82201,2/9/26 0:00,82222,82242,2/9/26 0:00,83242,20,S100000129,S100000129,AOS,EMS,Met,Battalion 4,Rescue
MD229,S100000130,WHFD,12D02E,MD229,2/9/26 0:00,D1,COM,MD029,WH4,F510F,81156,2/9/26 0:00,81225,2/9/26 0:00,81254,81313,,,19,S100000130,S100000130,DNA,EMS,Met,Battalion 4,Rescue
MD231,S100000131,LKFD,06C01A,MD231,2/9/26 0:00,C1,,MD231,31N,F31B,110919,2/9/26 0:00,110941,2/9/26 0:00,111004,111006,2/9/26 0:00,111543,2,S100000131,S100000131,AOS,EMS,Met,Battalion 1,Rescue
MD231,S100000132,LKFD,31C01,MD231,2/9/26 0:00,C1,COM,MD231,31N,F31D,101918,2/9/26 0:00,101934,2/9/26 0:00,102002,102016,,,14,S100000132,S100000132,DNA,EMS,Met,Battalion 1,Rescue
MD232,S100000133,LKFD,01A01,MD232,2/9/26 0:00,A1,COM,MD232,22,F23F,90850,2/9/26 0:00,90922,2/9/26 0:00,91020,91044,2/9/26 0:00,92625,24,S100000133,S100000133,AOS,EMS,Met,Battalion 3,Rescue
MD232,S100000134,LKFD,26A10,MD232,2/9/26 0:00,A1,COM,MD232,32,F32A,100356,2/9/26 0:00,100433,2/9/26 0:00,100503,101356,2/9/26 0:00,101718,533,S100000134,S100000134,AOS,EMS,Missed,Battalion 3,Rescue
MD234,S100000135,LKFD,9.00E+01,MD234,2/9/26 0:00,E1,,MD234,34,F34C,110439,2/9/26 0:00,110514,2/9/26 0:00,110550,110612,2/9/26 0:00,111215,22,S100000135,S100000135,AOS,EMS,Met,Battalion 3,Rescue
MR006,S100000136,LKFD,17B04G,MR006,2/9/26 0:00,B1,COM,MR006,22,F23F,101056,2/9/26 0:00,101247,2/9/26 0:00,101302,101329,2/9/26 0:00,102405,27,S100000136,S100000136,AOS,EMS,Met,Battalion 1,Rescue
MR011,S100000137,FRFD,17A02G,MR011,2/9/26 0:00,A1,COM,FRRQ1,930,F930F,92824,2/9/26 0:00,92845,2/9/26 0:00,92919,92933,2/9/26 0:00,95110,14,S100000137,S100000137,AOS,EMS,Met,Battalion 7,Rescue
MR012,S100000138,LWFD,06C01,MR012,2/9/26 0:00,C1,COM,LWRQ1,810,F11G,83712,2/9/26 0:00,83756,2/9/26 0:00,83840,83851,,,11,S100000138,S100000138,DNA,EMS,Met,Battalion 7,Rescue
MR014,S100000139,LWFD,17B01,MR014,2/9/26 0:00,B1,,LWRQ1,810,F26B,110501,2/9/26 0:00,110543,2/9/26 0:00,110618,110703,2/9/26 0:00,111652,45,S100000139,S100000139,AOS,EMS,Met,Battalion 7,Rescue
MR023,S100000140,LKFD,06D02,MR023,2/9/26 0:00,D1,COM,MR023,22,F23F,82040,2/9/26 0:00,82113,2/9/26 0:00,82137,82140,2/9/26 0:00,83802,3,S100000140,S100000140,AOS,EMS,Met,Battalion 1,Rescue
MR023,S100000141,LKFD,31D01,MR023,2/9/26 0:00,D1,COM,MR023,22,F23E,104521,2/9/26 0:00,104602,2/9/26 0:00,104631,104742,2/9/26 0:00,105736,71,S100000141,S100000141,AOS,EMS,Missed,Battalion 1,Rescue
MR024,S100000142,LKFD,06D02,MR024,2/9/26 0:00,D1,COM,MR024,31N,F31D,105904,2/9/26 0:00,105924,2/9/26 0:00,105957,110041,,,44,S100000142,S100000142,DNA,EMS,Met,Battalion 1,Rescue
MR026,S100000143,LWFD,06C01,MR026,2/9/26 0:00,C1,COM,LWRQ1,810,F11G,83712,2/9/26 0:00,83756,2/9/26 0:00,84759,84816,2/9/26 0:00,90148,17,S100000143,S100000143,AOS,EMS,Met,Battalion 7,Rescue
MR026,S100000144,LWFD,06D01,MR026,2/9/26 0:00,D1,,MR026,810,F26B,102311,2/9/26 0:00,102419,2/9/26 0:00,102444,102511,2/9/26 0:00,103244,27,S100000144,S100000144,AOS,EMS,Met,Battalion 7,Rescue
MR030,S100000145,HCFD,17B01,MR030,2/9/26 0:00,B1,COM,MR030,610,F610J,92907,2/9/26 0:00,92930,2/9/26 0:00,93011,93019,2/9/26 0:00,93701,8,S100000145,S100000145,AOS,EMS,Met,Battalion 5,Rescue
MR035,S100000146,LKFD,26A02,MR035,2/9/26 0:00,A1,COM,MR035,35N,F28A,80236,2/9/26 0:00,80339,2/9/26 0:00,80444,80452,2/9/26 0:00,81444,8,S100000146,S100000146,AOS,EMS,Met,Battalion 3,Rescue
MR036,S100000147,ABFD,29B01,MR036,2/9/26 0:00,B1,COM,BC420,420,F420A,80110,2/9/26 0:00,80110,2/9/26 0:00,80510,80533,,,23,S100000147,S100000147,DNA,EMS,Met,Battalion 2,Rescue
MR038,S100000148,DVFD,26C02,MR038,2/9/26 0:00,C1,COM,DVEN2,242,F38E,90428,2/9/26 0:00,90450,2/9/26 0:00,90524,90543,2/9/26 0:00,93038,19,S100000148,S100000148,AOS,EMS,Met,Battalion 2,Rescue
MR039,S100000149,LKFD,26A10,MR039,2/9/26 0:00,A1,COM,MD232,32,F32A,100356,2/9/26 0:00,100433,2/9/26 0:00,101315,101354,,,39,S100000149,S100000149,DNA,EMS,Met,Battalion 3,Rescue
MR230,S100000150,DVFD,06D02E,MR230,2/9/26 0:00,D1,COM,DVEN1,241,F38F,94800,2/9/26 0:00,94822,2/9/26 0:00,94851,94903,2/9/26 0:00,95736,12,S100000150,S100000150,AOS,EMS,Met,Battalion 5,Rescue